time_s,temp_C
0.90,32.77
1.24,32.96
1.58,32.92
1.92,32.86
2.27,32.89
2.61,32.70
3.06,32.86
3.56,32.80
4.06,32.89
4.56,32.85
5.06,32.75
5.56,32.88
6.06,32.90
6.56,32.91
7.06,32.78
7.56,32.81
8.06,32.62
8.56,32.72
9.06,32.67
9.56,32.68
10.06,32.85
10.56,32.76
11.06,32.76
11.56,32.75
12.06,32.64
12.56,32.68
13.06,32.63
13.56,32.82
14.06,32.55
14.56,32.68
15.06,32.39
15.56,32.93
16.06,32.57
16.56,32.66
17.06,32.51
17.56,32.71
18.06,32.58
18.56,32.53
19.06,32.68
19.56,32.50
20.06,32.46
20.56,32.86
21.06,32.61
21.56,32.49
22.06,32.55
22.56,32.72
23.06,32.45
23.56,32.60
24.06,32.33
24.56,32.42
25.06,32.85
25.56,32.44
26.06,32.47
26.56,32.30
27.06,32.49
27.56,32.35
28.06,32.37
28.56,32.46
29.06,32.55
29.56,32.47
30.06,32.36
30.56,32.55
31.06,32.35
31.56,32.57
32.06,32.35
32.56,32.53
33.06,32.46
33.56,32.57
34.06,32.40
34.56,32.47
35.06,32.19
35.56,32.49
36.06,32.47
36.56,32.44
37.06,32.76
37.56,32.51
38.06,32.29
38.56,32.47
39.06,32.45
39.56,32.55
40.06,32.71
40.56,32.52
41.06,32.84
41.56,32.42
42.06,32.49
42.56,32.37
43.06,32.42
43.56,32.52
44.06,32.62
44.56,32.38
45.06,32.61
45.56,32.67
46.06,32.33
46.56,32.58
47.06,32.96
47.56,32.63
48.06,32.71
48.56,32.67
49.06,32.73
49.56,32.68
50.06,32.44
50.56,32.76
51.06,32.79
51.56,32.61
52.06,32.92
52.56,32.64
53.06,32.65
53.56,32.66
54.06,32.65
54.56,32.70
55.06,32.73
55.56,32.96
56.06,32.81
56.56,32.77
57.06,32.90
57.56,32.68
58.06,32.87
58.56,32.86
59.06,33.06
59.56,32.67
60.06,32.79
60.56,32.72
61.06,33.01
61.56,32.75
62.06,32.77
62.56,32.85
63.06,32.94
63.56,33.08
64.06,33.03
64.56,32.95
65.06,33.21
65.56,32.97
66.06,33.02
66.56,33.16
67.06,33.35
67.56,33.16
68.06,33.08
68.56,33.04
69.06,33.08
69.56,33.23
70.06,33.20
70.56,33.15
71.06,33.27
71.56,33.07
72.06,33.25
72.56,33.10
73.06,33.52
73.56,33.32
74.06,33.26
74.56,33.34
75.06,33.35
75.56,33.32
76.06,33.46
76.56,33.55
77.06,33.43
77.56,33.49
78.06,33.49
78.56,33.52
79.06,33.30
79.56,33.52
80.06,33.59
80.56,33.45
81.06,33.64
81.56,33.67
82.06,33.63
82.56,33.69
83.06,33.52
83.56,33.83
84.06,33.70
84.56,33.77
85.06,33.65
85.56,33.82
86.06,33.92
86.56,33.92
87.06,33.62
87.56,34.01
88.06,33.80
88.56,33.72
89.06,33.86
89.56,33.77
90.06,33.89
90.56,33.99
91.06,33.99
91.56,34.01
92.06,34.06
92.56,34.12
93.06,34.22
93.56,34.15
94.06,33.88
94.56,34.28
95.06,34.19
95.56,34.14
96.06,34.36
96.56,34.45
97.06,34.26
97.56,34.36
98.06,34.34
98.56,34.36
99.06,34.33
99.56,34.31
100.06,34.58
100.56,34.56
101.06,34.52
101.56,34.50
102.06,34.68
102.56,34.64
103.06,34.53
103.56,34.59
104.06,34.85
104.56,34.67
105.06,34.93
105.56,34.80
106.06,34.64
106.56,34.96
107.06,34.77
107.56,34.80
108.06,34.95
108.56,34.68
109.06,35.14
109.56,34.85
110.06,34.96
110.56,34.74
111.06,35.11
111.56,35.18
112.06,34.91
112.56,35.23
113.06,35.28
113.56,35.10
114.06,35.31
114.56,35.26
115.06,35.31
115.56,35.23
116.06,35.33
116.56,35.15
117.06,35.32
117.56,34.94
118.06,35.43
118.56,35.31
119.06,35.16
119.56,35.82
120.06,35.55
120.56,35.45
121.06,35.56
121.56,35.59
122.06,35.60
122.56,35.67
123.06,35.45
123.56,35.71
124.06,35.77
124.56,35.67
125.06,35.80
125.56,35.73
126.06,35.74
126.56,36.01
127.06,35.94
127.56,35.83
128.06,35.91
128.56,35.80
129.06,35.98
129.56,36.03
130.06,36.09
130.56,35.97
131.06,36.06
131.56,36.08
132.06,36.06
132.56,36.13
133.06,36.19
133.56,36.31
134.06,36.48
134.56,36.33
135.06,36.26
135.56,36.44
136.06,36.39
136.56,36.37
137.06,36.46
137.56,36.59
138.06,36.53
138.56,36.54
139.06,36.46
139.56,36.48
140.06,36.44
140.56,36.75
141.06,36.65
141.56,36.57
142.06,36.65
142.56,36.67
143.06,36.71
143.56,36.83
144.06,36.72
144.56,36.81
145.06,36.80
145.56,36.89
146.06,36.84
146.56,36.90
147.06,36.96
147.56,36.98
148.06,36.89
148.56,37.06
149.06,37.05
149.56,37.10
150.06,37.14
150.56,36.97
151.06,37.10
151.56,37.11
152.06,37.12
152.56,37.25
153.06,37.24
153.56,37.28
154.06,37.20
154.56,37.36
155.06,37.26
155.56,37.36
156.06,37.47
156.56,37.43
157.06,37.61
157.56,37.63
158.06,37.42
158.56,37.55
159.06,37.56
159.56,37.53
160.06,37.64
160.56,37.77
161.06,37.80
161.56,37.64
162.06,37.81
162.56,37.97
163.06,37.83
163.56,37.82
164.06,37.74
164.56,38.06
165.06,37.91
165.56,37.96
166.06,37.93
166.56,38.00
167.06,38.16
167.56,38.13
168.06,38.41
168.56,38.11
169.06,37.81
169.56,38.20
170.06,38.08
170.56,38.21
171.06,38.28
171.56,38.24
172.06,38.32
172.56,38.30
173.06,38.26
173.56,38.53
174.06,38.40
174.56,38.45
175.06,38.58
175.56,38.54
176.06,38.46
176.56,38.58
177.06,38.60
177.56,38.76
178.06,38.62
178.56,38.79
179.06,38.62
179.56,38.79
180.06,38.70
180.56,38.68
181.06,38.76
181.56,38.81
182.06,38.72
182.56,38.92
183.06,38.56
183.56,38.84
184.06,38.78
184.56,38.98
185.06,38.93
185.56,38.89
186.06,39.15
186.56,39.02
187.06,39.10
187.56,39.21
188.06,39.07
188.56,39.19
189.06,39.21
189.56,39.17
190.06,39.28
190.56,39.36
191.06,39.43
191.56,39.45
192.06,39.30
192.56,39.44
193.06,39.35
193.56,39.36
194.06,39.40
194.56,39.48
195.06,39.53
195.56,39.46
196.06,39.55
196.56,39.72
197.06,39.63
197.56,39.86
198.06,39.87
198.56,39.90
199.06,39.93
199.56,39.96
200.06,39.67
200.56,39.88
201.06,39.88
201.56,39.93
202.06,39.95
202.56,40.05
203.06,40.12
203.56,40.04
204.06,39.95
204.56,40.03
205.06,40.21
205.56,40.18
206.06,39.99
206.56,40.24
207.06,40.21
207.56,40.23
208.06,40.19
208.56,40.43
209.06,40.34
209.56,40.29
210.06,40.30
210.56,40.11
211.06,40.62
211.56,40.38
212.06,40.45
212.56,40.37
213.06,40.55
213.56,39.97
214.06,40.61
214.56,40.59
215.06,40.47
215.56,40.40
216.06,40.64
216.56,40.49
217.06,40.66
217.56,40.65
218.06,40.63
218.56,40.74
219.06,40.75
219.56,40.82
220.06,40.79
220.56,40.87
221.06,40.97
221.56,40.91
222.06,40.93
222.56,40.87
223.06,40.91
223.56,40.91
224.06,41.06
224.56,41.31
225.06,41.04
225.56,41.07
226.06,41.04
226.56,41.13
227.06,41.23
227.56,41.15
228.06,41.13
228.56,41.14
229.06,41.21
229.56,41.03
230.06,41.27
230.56,41.27
231.06,41.61
231.56,41.25
232.06,41.55
232.56,41.39
233.06,41.48
233.56,41.44
234.06,41.38
234.56,41.64
235.06,41.52
235.56,41.55
236.06,41.53
236.56,41.53
237.06,41.65
237.56,41.57
238.06,41.64
238.56,41.46
239.06,41.75
239.56,41.74
240.06,41.83
240.56,41.73
241.06,41.80
241.56,41.88
242.06,41.81
242.56,41.96
243.06,41.99
243.56,41.95
244.06,42.11
244.56,42.06
245.06,42.13
245.56,41.97
246.06,42.18
246.56,42.02
247.06,42.12
247.56,42.25
248.06,42.17
248.56,42.18
249.06,42.16
249.56,41.98
250.06,42.25
250.56,42.16
251.06,42.30
251.56,42.41
252.06,42.37
252.56,42.47
253.06,42.38
253.56,42.31
254.06,42.50
254.56,42.36
255.06,42.34
255.56,42.50
256.06,42.53
256.56,42.46
257.06,42.46
257.56,42.54
258.06,42.61
258.56,42.78
259.06,42.55
259.56,42.52
260.06,42.79
260.56,42.68
261.06,42.34
261.56,42.66
262.06,42.66
262.56,42.86
263.06,42.77
263.56,42.78
264.06,42.82
264.56,42.77
265.06,42.76
265.56,42.89
266.06,42.90
266.56,42.97
267.06,42.93
267.56,43.29
268.06,43.07
268.56,43.01
269.06,43.24
269.56,43.11
270.06,42.96
270.56,43.15
271.06,43.11
271.56,43.30
272.06,43.27
272.56,43.19
273.06,43.23
273.56,43.28
274.06,43.29
274.56,43.17
275.06,43.28
275.56,43.48
276.06,43.64
276.56,43.36
277.06,43.44
277.56,43.33
278.06,43.41
278.56,43.22
279.06,43.35
279.56,43.41
280.06,43.36
280.56,43.50
281.06,43.75
281.56,43.56
282.06,43.69
282.56,43.48
283.06,43.82
283.56,43.45
284.06,43.64
284.56,43.64
285.06,43.77
285.56,43.82
286.06,43.85
286.56,43.90
287.06,43.91
287.56,43.71
288.06,43.82
288.56,43.73
289.06,43.90
289.56,44.17
290.06,43.90
290.56,44.06
291.06,44.13
291.56,44.21
292.06,44.03
292.56,44.03
293.06,44.08
293.56,44.10
294.06,44.15
294.56,44.17
295.06,44.07
295.56,44.02
296.06,44.16
296.56,44.26
297.06,44.05
297.56,44.25
298.06,44.37
298.56,44.27
299.06,44.30
299.56,44.39
300.06,44.32
300.56,44.43
301.06,44.44
301.56,44.38
302.06,44.42
302.56,44.36
303.06,44.46
303.56,44.37
304.06,44.38
304.56,44.57
305.06,44.69
305.56,44.58
306.06,44.63
306.56,44.57
307.06,44.68
307.56,44.83
308.06,44.70
308.56,44.92
309.06,44.53
309.56,44.75
310.06,44.76
310.56,44.77
311.06,44.76
311.56,44.76
312.06,44.98
312.56,44.56
313.06,44.88
313.56,44.88
314.06,44.96
314.56,44.97
315.06,45.05
315.56,44.99
316.06,45.09
316.56,44.83
317.06,44.97
317.56,44.96
318.06,45.20
318.56,45.03
319.06,45.11
319.56,45.25
320.06,45.05
320.57,45.40
321.06,45.16
321.56,45.12
322.06,45.24
322.57,45.17
323.06,45.30
323.56,45.26
324.06,45.31
324.57,45.34
325.06,45.32
325.56,45.42
326.06,45.37
326.56,45.30
327.06,45.55
327.56,45.60
328.06,45.53
328.56,45.46
329.06,45.30
329.56,45.50
330.06,45.48
330.56,45.64
331.06,45.68
331.56,45.61
332.06,45.51
332.56,45.55
333.06,45.59
333.56,45.54
334.06,45.51
334.56,45.76
335.06,45.68
335.56,45.59
336.06,45.89
336.56,45.92
337.06,45.76
337.56,45.82
338.06,45.81
338.56,45.92
339.06,45.72
339.56,45.92
340.06,45.88
340.56,45.78
341.06,45.83
341.56,45.89
342.06,45.83
342.56,46.01
343.06,45.92
343.56,45.90
344.06,46.20
344.56,45.92
345.06,46.08
345.56,45.97
346.06,46.00
346.56,46.08
347.06,46.07
347.56,46.12
348.06,46.10
348.56,45.92
349.06,46.33
349.56,46.17
350.06,46.18
350.56,46.24
351.06,46.15
351.56,46.34
352.06,46.27
352.56,46.38
353.06,46.22
353.56,46.20
354.06,46.16
354.56,46.35
355.06,46.43
355.56,46.42
356.06,46.43
356.56,46.28
357.06,46.28
357.56,46.31
358.06,46.45
358.56,46.35
359.06,46.38
359.56,46.43
360.06,46.12
360.56,46.48
361.06,46.49
361.56,46.59
362.06,46.33
362.56,46.68
363.06,46.49
363.56,46.75
364.06,46.58
364.56,46.64
365.06,46.64
365.56,46.70
366.06,46.67
366.56,46.70
367.06,46.64
367.56,46.75
368.06,46.70
368.56,46.88
369.06,46.73
369.56,46.84
370.06,46.70
370.56,46.91
371.06,46.83
371.56,46.79
372.06,46.70
372.56,46.93
373.06,46.79
373.56,46.79
374.06,46.88
374.56,46.78
375.06,46.99
375.56,46.82
376.06,47.14
376.56,46.89
377.06,46.88
377.56,46.91
378.06,47.08
378.56,47.04
379.06,47.19
379.56,47.25
380.06,47.22
380.56,46.97
381.06,46.99
381.56,47.26
382.06,47.05
382.56,47.21
383.06,47.05
383.56,47.16
384.06,46.99
384.56,47.19
385.06,47.19
385.56,47.11
386.06,47.30
386.56,47.34
387.06,47.26
387.56,47.22
388.06,47.33
388.56,47.22
389.06,47.35
389.56,47.46
390.06,47.36
390.56,47.37
391.06,47.25
391.56,47.31
392.06,47.40
392.56,47.33
393.06,47.52
393.56,47.32
394.06,47.49
394.56,47.56
395.06,47.55
395.56,47.44
396.06,47.37
396.56,47.64
397.06,47.66
397.56,47.58
398.06,47.56
398.56,47.79
399.06,47.50
399.56,47.35
400.06,47.66
400.56,47.62
401.06,47.64
401.56,47.72
402.06,47.72
402.56,47.79
403.06,47.74
403.56,47.93
404.06,47.73
404.56,47.88
405.06,47.92
405.56,47.84
406.06,47.63
406.56,47.75
407.06,48.06
407.56,47.85
408.06,47.87
408.56,47.75
409.06,47.98
409.56,47.85
410.06,47.93
410.56,47.85
411.06,48.10
411.56,48.05
412.06,47.88
412.56,48.08
413.06,47.99
413.56,47.96
414.06,48.11
414.56,48.19
415.06,47.88
415.56,48.06
416.06,48.09
416.56,48.14
417.06,48.08
417.56,48.09
418.06,47.92
418.56,48.05
419.06,48.12
419.56,48.06
420.06,48.41
420.56,48.30
421.06,48.23
421.56,48.40
422.06,48.34
422.56,48.26
423.06,48.24
423.56,48.37
424.06,48.25
424.56,48.30
425.06,48.43
425.56,48.47
426.06,48.24
426.56,48.37
427.06,48.20
427.56,48.67
428.06,48.55
428.56,48.44
429.06,48.37
429.56,48.24
430.06,48.64
430.56,48.48
431.06,48.19
431.56,48.57
432.06,48.54
432.56,48.73
433.06,48.41
433.56,48.66
434.06,48.51
434.56,48.75
435.06,48.33
435.56,48.61
436.06,48.74
436.56,48.86
437.06,48.53
437.56,48.71
438.06,48.57
438.56,48.74
439.06,48.78
439.56,48.65
440.06,48.76
440.56,48.71
441.06,48.76
441.56,48.73
442.06,48.67
442.56,48.42
443.06,48.72
443.56,49.01
444.06,48.82
444.56,48.75
445.06,48.79
445.56,48.81
446.06,48.81
446.56,48.81
447.06,48.86
447.56,48.82
448.06,48.94
448.56,48.90
449.06,49.15
449.56,48.79
450.06,48.86
450.56,48.94
451.06,48.98
451.56,48.84
452.06,48.84
452.56,49.13
453.06,48.94
453.56,48.97
454.06,49.13
454.56,48.86
455.06,49.29
455.56,49.09
456.06,49.16
456.56,49.12
457.06,49.03
457.56,49.16
458.06,49.09
458.56,49.21
459.06,49.13
459.56,49.20
460.06,49.13
460.56,49.23
461.06,49.29
461.56,49.43
462.06,49.34
462.56,49.23
463.06,49.13
463.56,49.18
464.06,49.11
464.56,49.27
465.06,49.34
465.56,49.23
466.06,49.41
466.56,49.26
467.06,49.51
467.56,49.38
468.06,49.33
468.56,49.35
469.06,49.32
469.56,49.63
470.06,49.56
470.56,49.46
471.06,49.22
471.56,49.65
472.06,49.52
472.56,49.49
473.06,49.58
473.56,49.43
474.06,49.69
474.56,49.47
475.06,49.66
475.56,49.44
476.06,49.53
476.56,49.50
477.06,49.69
477.56,49.56
478.06,49.78
478.56,49.64
479.06,49.55
479.56,49.47
480.06,49.78
480.56,49.66
481.06,49.69
481.56,49.46
482.06,49.79
482.56,49.57
483.06,49.64
483.56,49.71
484.06,49.80
484.56,49.58
485.06,49.83
485.56,49.95
486.06,49.95
486.56,49.81
487.06,49.81
487.56,49.74
488.06,49.79
488.56,49.92
489.06,49.90
489.56,49.98
490.06,49.70
490.56,49.83
491.06,49.93
491.56,49.93
492.06,49.88
492.56,49.78
493.06,49.87
493.56,49.97
494.06,49.80
494.56,50.10
495.06,49.49
495.56,50.05
496.06,49.97
496.56,50.05
497.06,50.02
497.56,49.96
498.06,49.92
498.56,49.98
499.06,49.98
499.56,50.07
500.06,50.11
500.56,49.91
501.06,49.94
501.56,50.10
502.06,49.85
502.56,50.12
503.06,50.14
503.56,50.15
504.06,50.02
504.56,50.24
505.06,50.27
505.56,50.21
506.06,50.31
506.56,50.18
507.06,50.03
507.56,50.28
508.06,50.22
508.56,50.18
509.06,50.35
509.56,50.17
510.06,50.16
510.56,50.16
511.06,50.20
511.56,50.23
512.06,50.34
512.56,50.39
513.06,50.36
513.56,50.31
514.06,50.31
514.56,50.38
515.06,50.35
515.56,50.30
516.06,50.34
516.56,50.60
517.06,50.38
517.56,50.21
518.06,50.64
518.56,50.53
519.06,50.59
519.56,50.58
520.06,50.32
520.56,50.44
521.06,50.54
521.56,50.38
522.06,50.43
522.56,50.55
523.06,50.59
523.56,50.57
524.06,50.63
524.56,50.44
525.06,50.53
525.56,50.75
526.06,50.74
526.56,50.42
527.06,50.53
527.56,50.36
528.06,50.71
528.56,50.59
529.06,50.67
529.56,50.80
530.06,50.67
530.56,50.66
531.06,50.67
531.56,51.07
532.06,50.74
532.56,50.78
533.06,50.68
533.56,50.81
534.06,50.67
534.56,50.74
535.06,50.72
535.56,50.77
536.06,50.86
536.56,50.62
537.06,50.33
537.56,50.58
538.06,50.81
538.56,50.75
539.06,50.81
539.56,51.10
540.06,50.79
540.56,50.95
541.06,50.73
541.56,50.86
542.06,50.78
542.56,50.83
543.06,50.67
543.56,50.88
544.06,50.81
544.56,50.83
545.06,50.65
545.56,50.77
546.06,50.77
546.56,50.94
547.06,50.74
547.56,50.92
548.06,51.11
548.56,51.09
549.06,51.05
549.56,50.91
550.06,51.21
550.56,51.07
551.06,51.24
551.56,50.91
552.06,51.00
552.56,51.00
553.06,51.00
553.56,50.98
554.06,50.88
554.56,51.06
555.06,51.12
555.56,51.11
556.06,50.98
556.56,51.20
557.06,51.24
557.56,51.20
558.06,50.84
558.56,51.00
559.06,51.28
559.56,51.16
560.06,51.22
560.56,51.25
561.06,51.16
561.56,51.09
562.06,51.12
562.56,50.96
563.06,51.36
563.56,51.08
564.06,51.20
564.56,51.19
565.06,51.41
565.56,51.38
566.06,51.18
566.56,51.33
567.06,51.25
567.56,51.35
568.06,51.82
568.56,51.22
569.06,51.38
569.56,51.35
570.06,51.33
570.56,51.48
571.06,51.37
571.56,51.50
572.06,51.46
572.56,51.47
573.06,51.56
573.56,51.47
574.06,51.35
574.56,51.47
575.06,51.32
575.56,51.34
576.06,51.26
576.56,51.46
577.06,51.61
577.56,51.45
578.06,51.41
578.56,51.46
579.06,51.47
579.56,51.44
580.06,51.54
580.56,51.64
581.06,51.82
581.56,51.57
582.06,51.47
582.56,51.60
583.06,51.55
583.56,51.47
584.06,51.62
584.56,51.59
585.06,51.62
585.56,51.58
586.06,51.50
586.56,51.75
587.06,51.62
587.56,51.64
588.06,51.64
588.56,51.65
589.06,51.54
589.56,51.46
590.06,51.66
590.56,51.68
591.06,51.53
591.56,51.69
592.06,51.69
592.56,51.63
593.06,51.55
593.56,51.69
594.06,51.82
594.56,51.68
595.06,51.59
595.56,51.76
596.06,52.01
596.56,51.89
597.06,51.70
597.56,51.81
598.06,52.06
598.56,52.00
599.06,51.76
599.56,51.89
600.06,51.68
600.56,51.93
601.06,51.83
601.56,51.96
602.06,51.70
602.56,51.78
603.06,51.95
603.56,51.79
604.06,51.89
604.56,51.84
605.06,51.68
605.56,52.00
606.06,51.96
606.56,51.93
607.06,52.05
607.56,52.09
608.06,51.91
608.56,52.00
609.06,52.01
609.56,51.97
610.06,51.87
610.56,51.93
611.06,51.85
611.56,52.01
612.06,52.20
612.56,52.03
613.06,52.08
613.56,51.89
614.06,52.06
614.56,51.87
615.06,52.02
615.56,52.06
616.06,52.01
616.56,52.09
617.06,51.98
617.56,52.22
618.06,51.91
618.56,52.14
619.06,52.29
619.56,51.89
620.06,52.03
620.56,52.01
621.06,52.04
621.56,52.08
622.06,52.09
622.56,52.02
623.06,52.25
623.56,51.88
624.06,51.93
624.56,52.08
625.06,52.23
625.56,52.04
626.06,52.16
626.56,52.08
627.06,52.33
627.56,52.04
628.06,52.39
628.56,52.25
629.06,51.80
629.56,52.15
630.06,52.26
630.56,52.34
631.06,52.15
631.56,52.48
632.06,52.25
632.56,52.31
633.06,52.10
633.56,52.20
634.06,52.35
634.56,52.29
635.06,52.36
635.56,52.36
636.06,52.45
636.56,52.24
637.06,52.28
637.56,52.33
638.06,52.58
638.56,52.21
639.06,52.34
639.56,52.39
640.06,52.51
640.56,52.46
641.06,52.41
641.56,52.39
642.06,52.34
642.56,52.31
643.06,52.43
643.56,52.64
644.06,52.58
644.56,52.48
645.06,52.29
645.56,52.48
646.06,52.37
646.56,52.38
647.07,52.37
647.56,52.79
648.06,52.58
648.56,52.46
649.07,52.53
649.56,52.51
650.06,52.62
650.56,52.71
651.07,52.64
651.56,52.54
652.06,52.58
652.56,52.46
653.07,52.77
653.56,52.47
654.06,52.73
654.56,52.52
655.06,52.61
655.56,52.48
656.06,52.67
656.56,52.56
657.06,52.58
657.56,52.79
658.06,52.62
658.56,52.68
659.06,52.39
659.56,52.74
660.06,52.64
660.56,52.66
661.06,52.93
661.56,52.67
662.06,52.69
662.56,52.53
663.06,52.72
663.56,52.58
664.06,52.64
664.56,52.80
665.06,52.23
665.56,52.90
666.06,52.66
666.56,52.77
667.06,52.70
667.56,52.59
668.06,52.74
668.56,52.81
669.06,52.65
669.56,52.84
670.06,52.81
670.56,52.80
671.06,52.61
671.56,52.64
672.06,52.76
672.56,52.82
673.06,52.78
673.56,52.90
674.06,52.85
674.56,52.79
675.06,52.63
675.56,52.73
676.06,52.80
676.56,52.83
677.06,52.95
677.56,52.72
678.06,52.93
678.56,52.90
679.06,52.72
679.56,52.77
680.06,52.89
680.56,52.72
681.06,52.82
681.56,53.18
682.06,53.04
682.56,52.94
683.06,52.88
683.56,53.13
684.06,52.94
684.56,52.87
685.06,52.81
685.56,53.06
686.06,52.83
686.56,52.98
687.06,52.97
687.56,53.03
688.06,53.00
688.56,52.77
689.06,52.89
689.56,52.97
690.06,53.06
690.56,52.97
691.06,53.06
691.56,53.12
692.06,53.01
692.56,53.04
693.06,53.02
693.56,53.13
694.06,53.09
694.56,52.96
695.06,53.04
695.56,53.24
696.06,53.11
696.56,52.88
697.06,53.03
697.56,53.09
698.06,52.93
698.56,53.20
699.06,53.20
699.56,53.02
700.06,53.06
700.56,53.22
701.06,53.36
701.56,53.10
702.06,53.04
702.56,53.18
703.06,53.17
703.56,53.38
704.06,53.32
704.56,53.15
705.06,53.41
705.56,53.38
706.06,53.17
706.56,53.34
707.06,53.30
707.56,53.21
708.06,53.30
708.56,53.18
709.06,53.31
709.56,53.28
710.06,53.31
710.56,53.26
711.06,53.22
711.56,53.19
712.06,53.40
712.56,53.06
713.06,53.39
713.56,53.24
714.06,53.24
714.56,53.35
715.06,53.14
715.56,53.30
716.06,53.57
716.56,53.54
717.06,53.35
717.56,53.35
718.06,53.60
718.56,53.36
719.06,53.50
719.56,53.52
720.06,53.35
720.56,53.53
721.06,53.34
721.56,53.55
722.06,53.62
722.56,53.58
723.06,53.33
723.56,53.40
724.06,53.42
724.56,53.45
725.06,53.55
725.56,53.54
726.06,53.43
726.56,53.74
727.06,53.37
727.56,53.53
728.06,53.41
728.56,53.47
729.06,53.54
729.56,53.75
730.06,53.59
730.56,53.50
731.06,53.42
731.56,53.53
732.06,53.61
732.56,53.52
733.06,53.69
733.56,53.45
734.06,53.52
734.56,53.51
735.06,53.18
735.56,53.64
736.06,53.42
736.56,53.56
737.06,53.59
737.56,53.70
738.06,53.67
738.56,53.58
739.06,53.54
739.56,53.64
740.06,53.70
740.56,53.68
741.06,53.59
741.56,53.48
742.06,53.74
742.56,53.71
743.06,53.81
743.56,53.47
744.06,53.57
744.56,53.67
745.06,53.95
745.56,53.45
746.06,53.53
746.56,53.92
747.06,53.53
747.56,53.85
748.06,53.72
748.56,53.93
749.06,53.79
749.56,53.79
750.06,53.46
750.56,53.84
751.06,53.62
751.56,53.73
752.06,53.72
752.56,53.97
753.06,53.91
753.56,53.78
754.06,53.63
754.56,53.81
755.06,53.75
755.56,53.86
756.06,53.83
756.56,53.84
757.06,53.81
757.56,53.92
758.06,53.86
758.56,53.94
759.06,53.89
759.56,53.83
760.06,53.99
760.56,53.72
761.06,53.94
761.56,53.93
762.06,54.01
762.56,53.78
763.06,53.88
763.56,53.91
764.06,53.98
764.56,53.95
765.06,54.09
765.56,53.62
766.06,53.99
766.56,53.88
767.06,54.00
767.56,53.95
768.06,53.92
768.56,54.03
769.06,53.88
769.56,53.93
770.06,54.00
770.56,53.62
771.06,54.00
771.56,53.93
772.06,54.04
772.56,54.01
773.06,53.98
773.56,53.91
774.06,53.99
774.56,54.08
775.06,54.03
775.56,54.09
776.06,54.07
776.56,53.87
777.06,54.02
777.56,54.21
778.06,53.98
778.56,54.03
779.06,53.76
779.56,54.03
780.06,54.12
780.56,54.10
781.06,54.12
781.56,54.03
782.06,54.10
782.56,53.99
783.06,54.19
783.56,53.97
784.06,54.13
784.56,54.03
785.06,54.13
785.56,54.00
786.06,54.05
786.56,54.07
787.06,53.99
787.56,54.19
788.06,54.09
788.56,54.12
789.06,54.07
789.56,54.27
790.06,54.28
790.56,54.13
791.06,54.25
791.56,54.13
792.06,54.11
792.56,54.22
793.06,54.22
793.56,54.17
794.06,54.20
794.56,54.15
795.06,54.18
795.56,54.06
796.06,54.39
796.56,54.31
797.06,54.18
797.56,54.14
798.06,54.21
798.56,54.09
799.06,54.14
799.56,54.25
800.06,54.24
800.56,54.24
801.06,54.27
801.56,54.31
802.06,54.13
802.56,54.29
803.06,53.96
803.56,54.55
804.06,54.23
804.56,54.32
805.06,54.28
805.56,54.19
806.06,54.25
806.56,54.22
807.06,54.55
807.56,54.39
808.06,54.32
808.56,54.52
809.06,54.33
809.56,54.32
810.06,54.37
810.56,54.38
811.06,54.28
811.56,54.01
812.06,54.21
812.56,54.38
813.06,54.34
813.56,54.20
814.06,54.19
814.56,54.37
815.06,54.38
815.56,54.44
816.06,54.39
816.56,54.33
817.06,54.56
817.56,54.71
818.06,54.30
818.56,54.35
819.06,54.03
819.56,54.37
820.06,54.62
820.56,54.32
821.06,54.39
821.56,54.38
822.06,54.34
822.56,54.51
823.06,54.43
823.56,54.51
824.06,54.36
824.56,54.40
825.06,54.34
825.56,54.59
826.06,54.50
826.56,54.48
827.06,54.59
827.56,54.42
828.06,54.50
828.56,54.45
829.06,54.23
829.56,54.51
830.06,54.51
830.56,54.67
831.06,54.52
831.56,54.45
832.06,54.51
832.56,54.47
833.06,54.55
833.56,54.48
834.06,54.41
834.56,54.50
835.06,54.54
835.56,54.39
836.06,54.53
836.56,54.48
837.06,54.52
837.56,54.38
838.06,54.67
838.56,54.65
839.06,54.58
839.56,54.67
840.06,54.59
840.56,54.68
841.06,54.49
841.56,54.59
842.06,54.51
842.56,54.64
843.06,54.59
843.56,54.42
844.06,54.48
844.56,54.66
845.06,54.47
845.56,54.68
846.06,54.74
846.56,54.48
847.06,54.68
847.56,54.68
848.06,54.51
848.56,54.64
849.06,54.67
849.56,54.81
850.06,54.82
850.56,54.75
851.06,54.62
851.56,54.72
852.06,54.81
852.56,54.68
853.06,54.32
853.56,54.69
854.06,54.61
854.56,54.61
855.06,54.66
855.56,54.55
856.06,54.55
856.56,54.71
857.06,54.77
857.56,54.93
858.06,54.49
858.56,54.77
859.06,54.77
859.56,54.74
860.06,54.67
860.56,54.72
861.06,54.83
861.56,54.68
862.06,54.79
862.56,54.73
863.06,54.79
863.56,54.61
864.06,54.72
864.56,54.78
865.06,54.86
865.56,54.78
866.06,54.61
866.56,54.54
867.06,54.80
867.56,54.69
868.06,54.76
868.56,54.72
869.06,54.93
869.56,54.87
870.06,54.79
870.56,54.75
871.06,54.71
871.56,54.64
872.06,54.86
872.56,54.62
873.06,54.85
873.56,54.88
874.06,54.81
874.56,54.85
875.06,54.72
875.56,55.01
876.06,54.89
876.56,54.84
877.06,54.89
877.56,54.88
878.06,54.76
878.56,54.95
879.06,55.15
879.56,54.94
880.06,54.87
880.56,54.88
881.06,54.78
881.56,54.80
882.06,54.88
882.56,54.92
883.06,54.90
883.56,55.11
884.06,55.03
884.56,54.87
885.06,55.05
885.56,54.82
886.06,54.81
886.56,54.88
887.06,55.07
887.56,54.69
888.06,54.97
888.56,54.92
889.06,55.05
889.56,54.89
890.06,55.01
890.56,54.97
891.06,55.08
891.56,54.98
892.06,54.82
892.56,54.94
893.06,55.06
893.56,54.89
894.06,54.74
894.56,55.07
895.06,54.76
895.56,55.02
896.06,55.06
896.56,55.04
897.06,54.99
897.56,54.96
898.06,54.98
898.56,54.97
899.06,54.93
899.56,54.93
900.06,55.02
900.56,54.87
901.06,55.04
901.56,54.98
902.06,55.16
902.56,55.12
903.06,55.37
903.56,54.73
904.06,55.05
904.56,54.93
905.06,55.01
905.56,55.14
906.06,55.21
906.56,55.17
907.06,55.00
907.56,55.10
908.06,55.18
908.56,55.06
909.06,55.31
909.56,54.91
910.06,55.06
910.56,55.20
911.06,55.02
911.56,54.97
912.06,55.06
912.56,55.08
913.06,55.01
913.56,55.11
914.06,55.25
914.56,55.11
915.06,55.10
915.56,55.00
916.06,55.09
916.56,55.12
917.06,55.21
917.56,55.08
918.06,55.12
918.56,55.25
919.06,55.17
919.56,55.05
920.06,55.11
920.56,55.27
921.06,55.16
921.56,54.92
922.06,55.31
922.56,55.15
923.06,55.16
923.56,55.12
924.06,55.12
924.56,55.23
925.06,55.18
925.56,55.10
926.06,55.09
926.56,55.25
927.06,54.98
927.56,55.30
928.06,55.18
928.56,55.24
929.06,55.17
929.56,55.23
930.06,55.26
930.56,54.97
931.06,55.27
931.56,55.32
932.06,55.26
932.56,55.24
933.06,55.23
933.56,55.37
934.06,55.17
934.56,55.18
935.06,55.18
935.56,55.21
936.06,55.31
936.56,55.11
937.06,55.30
937.56,55.15
938.06,55.18
938.56,55.22
939.06,55.06
939.56,55.20
940.06,55.21
940.56,55.41
941.06,55.26
941.56,55.17
942.06,55.30
942.56,55.28
943.06,55.47
943.56,55.19
944.06,55.25
944.56,55.29
945.06,55.27
945.56,55.35
946.06,55.22
946.56,55.18
947.06,55.44
947.56,55.32
948.06,55.25
948.56,55.32
949.06,55.30
949.56,55.27
950.06,55.39
950.56,55.32
951.06,55.39
951.56,55.61
952.06,55.17
952.56,55.34
953.06,55.50
953.56,55.46
954.06,55.42
954.56,55.32
955.06,55.48
955.56,55.47
956.06,55.40
956.56,55.38
957.06,55.34
957.56,55.29
958.06,55.08
958.56,55.37
959.06,55.38
959.56,55.41
960.06,55.44
960.56,55.24
961.06,55.56
961.56,55.40
962.06,55.29
962.56,55.55
963.06,55.43
963.56,55.42
964.06,55.28
964.56,55.42
965.06,55.52
965.57,55.44
966.06,55.55
966.56,55.48
967.06,55.45
967.57,55.27
968.06,55.28
968.56,55.47
969.06,55.47
969.57,55.45
970.06,55.52
970.56,55.41
971.06,55.43
971.56,55.73
972.06,55.47
972.56,55.41
973.06,55.44
973.56,55.50
974.06,55.43
974.56,55.48
975.06,55.31
975.56,55.43
976.06,55.65
976.56,55.61
977.06,55.58
977.56,55.40
978.06,55.48
978.56,55.30
979.06,55.78
979.56,55.55
980.06,55.27
980.56,55.38
981.06,55.45
981.56,55.49
982.06,55.57
982.56,55.37
983.06,55.50
983.56,55.06
984.06,55.58
984.56,55.53
985.06,55.43
985.56,55.52
986.06,55.50
986.56,55.71
987.06,55.29
987.56,55.47
988.06,55.59
988.56,55.46
989.06,55.55
989.56,55.60
990.06,55.70
990.56,55.46
991.06,55.74
991.56,55.61
992.06,55.40
992.56,55.73
993.06,55.57
993.56,55.52
994.06,55.49
994.56,55.60
995.06,55.49
995.56,55.47
996.06,55.61
996.56,55.55
997.06,55.56
997.56,55.71
998.06,55.54
998.56,55.56
999.06,55.49
999.56,55.50
1000.06,55.57
1000.56,55.57
1001.06,55.62
1001.56,55.50
1002.06,55.62
1002.56,55.60
1003.06,56.01
1003.56,55.55
1004.06,55.77
1004.56,55.47
1005.06,55.60
1005.56,55.61
1006.06,55.51
1006.56,55.57
1007.06,55.52
1007.56,55.62
1008.06,55.52
1008.56,55.56
1009.06,55.57
1009.56,55.56
1010.06,55.58
1010.56,55.51
1011.06,55.57
1011.56,55.47
1012.06,55.63
1012.56,55.54
1013.06,55.58
1013.56,55.64
1014.06,55.63
1014.56,55.58
1015.06,55.63
1015.56,55.66
1016.06,55.82
1016.56,55.42
1017.06,55.60
1017.56,55.62
1018.06,55.65
1018.56,55.57
1019.06,55.75
1019.56,55.58
1020.06,55.79
1020.56,55.61
1021.06,55.62
1021.56,55.65
1022.06,55.59
1022.56,55.52
1023.06,55.86
1023.56,55.61
1024.06,55.47
1024.56,55.63
1025.06,55.82
1025.56,55.53
1026.06,55.65
1026.56,55.56
1027.06,55.72
1027.56,55.74
1028.06,55.63
1028.56,55.70
1029.06,55.56
1029.56,55.60
1030.06,55.65
1030.56,55.64
1031.06,55.56
1031.56,55.91
1032.06,55.69
1032.56,55.69
1033.06,55.67
1033.56,55.72
1034.06,55.85
1034.56,55.72
1035.06,55.66
1035.56,55.78
1036.06,55.75
1036.56,55.81
1037.06,55.52
1037.56,55.72
1038.06,55.67
1038.56,55.61
1039.06,55.71
1039.56,55.72
1040.06,55.73
1040.56,55.95
1041.06,55.80
1041.56,55.75
1042.06,55.75
1042.56,55.75
1043.06,55.63
1043.56,55.83
1044.06,55.76
1044.56,55.80
1045.06,55.72
1045.56,55.64
1046.06,55.73
1046.56,55.74
1047.06,55.68
1047.56,55.76
1048.06,55.72
1048.56,55.57
1049.06,55.73
1049.56,55.73
1050.06,55.75
1050.56,55.91
1051.06,55.86
1051.56,55.82
1052.06,55.67
1052.56,55.76
1053.06,55.80
1053.56,55.68
1054.06,55.63
1054.56,55.78
1055.06,55.73
1055.56,55.87
1056.06,55.74
1056.56,55.77
1057.06,55.79
1057.56,56.06
1058.06,55.89
1058.56,55.68
1059.06,55.79
1059.56,55.79
1060.06,55.87
1060.56,55.90
1061.06,55.71
1061.56,55.69
1062.06,55.86
1062.56,55.68
1063.06,55.93
1063.56,55.70
1064.06,55.88
1064.56,55.76
1065.06,56.03
1065.56,55.78
1066.06,55.66
1066.56,55.81
1067.06,55.71
1067.56,55.93
1068.06,55.75
1068.56,55.74
1069.06,55.93
1069.56,55.74
1070.06,55.83
1070.56,55.86
1071.06,55.91
1071.56,55.76
1072.06,56.06
1072.56,55.82
1073.06,55.87
1073.56,56.19
1074.06,56.14
1074.56,55.85
1075.06,55.68
1075.56,55.66
1076.06,55.93
1076.56,55.86
1077.06,55.97
1077.56,55.84
1078.06,55.79
1078.56,55.88
1079.06,56.21
1079.56,55.90
1080.06,55.43
1080.56,55.94
1081.06,56.00
1081.56,56.04
1082.06,55.77
1082.56,56.00
1083.06,55.92
1083.56,55.94
1084.06,55.84
1084.56,55.79
1085.06,55.97
1085.56,55.76
1086.06,56.00
1086.56,56.10
1087.06,56.00
1087.56,55.82
1088.06,55.88
1088.56,56.14
1089.06,55.98
1089.56,56.06
1090.06,55.86
1090.56,55.85
1091.06,55.87
1091.56,56.09
1092.06,55.91
1092.56,56.21
1093.06,56.09
1093.56,56.08
1094.06,55.90
1094.56,56.00
1095.06,55.90
1095.56,56.08
1096.06,55.84
1096.56,56.12
1097.06,56.04
1097.56,56.07
1098.06,55.90
1098.56,56.04
1099.06,56.01
1099.56,56.02
1100.06,56.21
1100.56,56.03
1101.06,56.16
1101.56,56.11
1102.06,56.00
1102.56,56.15
1103.06,55.85
1103.56,56.00
1104.06,55.97
1104.56,56.05
1105.06,55.96
1105.56,56.07
1106.06,55.97
1106.56,55.97
1107.06,55.89
1107.56,55.98
1108.06,56.08
1108.56,56.00
1109.06,56.06
1109.56,55.93
1110.06,56.15
1110.56,56.08
1111.06,56.01
1111.56,56.07
1112.06,56.06
1112.56,56.04
1113.06,56.18
1113.56,56.15
1114.06,56.00
1114.56,56.11
1115.06,56.10
1115.56,55.84
1116.06,55.98
1116.56,55.98
1117.06,56.06
1117.56,56.07
1118.06,56.09
1118.56,56.18
1119.06,56.34
1119.56,55.85
1120.06,56.04
1120.56,56.15
1121.06,56.11
1121.56,56.12
1122.06,56.12
1122.56,55.89
1123.06,55.97
1123.56,56.04
1124.06,56.12
1124.56,56.15
1125.06,56.19
1125.56,56.19
1126.06,56.15
1126.56,56.15
1127.06,56.07
1127.56,56.11
1128.06,56.39
1128.56,56.04
1129.06,56.41
1129.56,56.41
1130.06,55.87
1130.56,56.17
1131.06,56.33
1131.56,55.88
1132.06,56.27
1132.56,56.11
1133.06,56.11
1133.56,56.05
1134.06,56.03
1134.56,56.15
1135.06,56.06
1135.56,56.15
1136.06,56.00
1136.56,56.12
1137.06,56.18
1137.56,56.07
1138.06,56.31
1138.56,56.14
1139.06,56.19
1139.56,56.19
1140.06,56.14
1140.56,56.22
1141.06,56.24
1141.56,56.10
1142.06,56.19
1142.56,56.13
1143.06,56.11
1143.56,56.17
1144.06,56.07
1144.56,56.23
1145.06,56.57
1145.56,56.15
1146.06,56.26
1146.56,56.24
1147.06,56.16
1147.56,56.24
1148.06,56.20
1148.56,56.27
1149.06,56.16
1149.56,56.12
1150.06,56.20
1150.56,56.16
1151.06,56.12
1151.56,56.13
1152.06,56.20
1152.56,56.14
1153.06,56.30
1153.56,56.24
1154.06,56.26
1154.56,56.19
1155.06,56.13
1155.56,56.05
1156.06,56.18
1156.56,56.27
1157.06,56.23
1157.56,56.34
1158.06,56.22
1158.56,56.18
1159.06,56.23
1159.56,56.36
1160.06,56.34
1160.56,56.21
1161.06,56.24
1161.56,56.27
1162.06,56.19
1162.56,56.30
1163.06,56.14
1163.56,56.27
1164.06,56.24
1164.56,56.15
1165.06,56.17
1165.56,56.05
1166.06,56.34
1166.56,56.11
1167.06,56.22
1167.56,56.24
1168.06,56.20
1168.56,56.15
1169.06,56.22
1169.56,56.25
1170.06,56.39
1170.56,56.18
1171.06,56.33
1171.56,56.17
1172.06,56.27
1172.56,56.17
1173.06,56.28
1173.56,56.27
1174.06,56.27
1174.56,56.28
1175.06,56.31
1175.56,56.24
1176.06,56.20
1176.56,56.26
1177.06,56.36
1177.56,56.15
1178.06,56.27
1178.56,56.24
1179.06,55.99
1179.56,56.24
1180.06,56.24
1180.56,56.26
1181.06,56.26
1181.56,56.30
1182.06,56.38
1182.56,56.39
1183.06,56.33
1183.56,56.53
1184.06,56.29
1184.56,56.11
1185.06,56.32
1185.56,56.40
1186.06,56.26
1186.56,56.42
1187.06,56.27
1187.56,56.30
1188.06,56.37
1188.56,56.43
1189.06,56.51
1189.56,56.48
1190.06,56.37
1190.56,56.36
1191.06,56.40
1191.56,56.42
1192.06,56.29
1192.56,56.31
1193.06,56.33
1193.56,56.36
1194.06,56.37
1194.56,56.35
1195.06,56.32
1195.56,56.49
1196.06,56.23
1196.56,56.46
1197.06,56.64
1197.56,56.35
1198.06,56.48
1198.56,56.45
1199.06,56.40
1199.56,56.30
1200.06,56.24
1200.56,56.48
1201.06,56.26
1201.56,56.32
1202.06,56.25
1202.56,56.37
1203.06,56.36
1203.56,56.39
1204.06,56.30
1204.56,56.42
1205.06,56.26
1205.56,56.32
1206.06,56.24
1206.56,56.53
1207.06,56.35
1207.56,56.59
1208.06,56.32
1208.56,56.50
1209.06,56.46
1209.56,56.47
1210.06,56.35
1210.56,56.52
1211.06,56.36
1211.56,56.48
1212.06,56.39
1212.56,56.37
1213.06,56.21
1213.56,56.33
1214.06,56.46
1214.56,56.36
1215.06,56.43
1215.56,56.35
1216.06,56.36
1216.56,56.42
1217.06,56.37
1217.56,56.42
1218.06,56.38
1218.56,56.39
1219.06,56.29
1219.56,55.91
1220.06,56.32
1220.56,56.43
1221.06,56.31
1221.56,56.36
1222.06,56.61
1222.56,56.35
1223.06,56.43
1223.56,56.57
1224.06,56.52
1224.56,56.34
1225.06,56.38
1225.56,56.45
1226.06,56.29
1226.56,56.46
1227.06,56.46
1227.56,56.36
1228.06,56.11
1228.56,56.52
1229.06,56.51
1229.56,56.70
1230.06,56.34
1230.56,56.42
1231.06,56.50
1231.56,56.41
1232.06,56.51
1232.56,56.49
1233.06,56.68
1233.56,56.48
1234.06,56.44
1234.56,56.30
1235.06,56.47
1235.56,56.67
1236.06,56.40
1236.56,56.50
1237.06,56.51
1237.56,56.48
1238.06,56.45
1238.56,56.44
1239.06,56.62
1239.56,56.59
1240.06,56.44
1240.56,56.38
1241.06,56.53
1241.56,56.56
1242.06,56.31
1242.56,56.52
1243.06,56.38
1243.56,56.38
1244.06,56.46
1244.56,56.66
1245.06,56.56
1245.56,56.58
1246.06,56.56
1246.56,56.52
1247.06,56.49
1247.56,56.43
1248.06,56.60
1248.56,56.47
1249.06,56.46
1249.56,56.53
1250.06,56.42
1250.56,56.44
1251.06,56.35
1251.56,56.42
1252.06,56.47
1252.56,56.33
1253.06,56.63
1253.56,56.67
1254.06,56.44
1254.56,56.33
1255.06,56.36
1255.56,56.68
1256.06,56.58
1256.56,56.51
1257.06,56.55
1257.56,56.54
1258.06,56.53
1258.56,56.58
1259.06,56.28
1259.56,56.42
1260.06,56.43
1260.56,56.52
1261.06,56.58
1261.56,56.13
1262.06,56.41
1262.56,56.48
1263.06,56.39
1263.56,56.47
1264.06,56.49
1264.56,56.34
1265.06,56.59
1265.56,56.65
1266.06,56.57
1266.56,56.68
1267.06,56.58
1267.56,56.54
1268.06,56.48
1268.56,56.59
1269.06,56.59
1269.56,56.57
1270.06,56.51
1270.56,56.41
1271.06,56.47
1271.56,56.58
1272.06,56.55
1272.56,56.50
1273.06,56.68
1273.56,56.36
1274.06,56.15
1274.56,56.29
1275.06,56.53
1275.56,56.57
1276.06,56.30
1276.56,56.53
1277.06,56.47
1277.56,56.36
1278.06,56.60
1278.56,56.79
1279.06,56.61
1279.56,56.60
1280.06,56.48
1280.56,56.67
1281.06,56.61
1281.56,56.65
1282.06,56.39
1282.56,56.54
1283.06,56.58
1283.56,56.74
1284.06,56.57
1284.56,56.70
1285.06,56.52
1285.56,56.48
1286.06,56.50
1286.56,56.55
1287.06,56.57
1287.56,56.55
1288.06,56.64
1288.56,56.65
1289.06,56.60
1289.56,56.48
1290.06,56.84
1290.56,56.60
1291.06,56.48
1291.56,56.48
1292.07,56.62
1292.56,56.41
1293.06,56.50
1293.56,56.64
1294.07,56.60
1294.56,56.81
1295.06,56.68
1295.56,56.68
1296.06,56.56
1296.56,56.52
1297.06,56.56
1297.56,56.83
1298.06,56.62
1298.56,56.59
1299.06,56.70
1299.56,56.67
1300.06,56.55
1300.56,56.58
1301.06,56.62
1301.56,56.68
1302.06,56.66
1302.56,56.59
1303.06,56.46
1303.56,56.61
1304.06,56.51
1304.56,56.67
1305.06,56.54
1305.56,56.64
1306.06,56.50
1306.56,56.66
1307.06,56.80
1307.56,56.62
1308.06,56.73
1308.56,56.70
1309.06,56.71
1309.56,56.78
1310.06,56.56
1310.56,56.77
1311.06,56.79
1311.56,56.66
1312.06,56.58
1312.56,56.55
1313.06,56.65
1313.56,56.78
1314.06,56.51
1314.56,56.54
1315.06,56.64
1315.56,56.75
1316.06,56.61
1316.56,56.64
1317.06,56.57
1317.56,56.74
1318.06,56.57
1318.56,56.86
1319.06,56.80
1319.56,56.65
1320.06,56.87
1320.56,56.67
1321.06,56.73
1321.56,56.88
1322.06,56.78
1322.56,56.71
1323.06,56.79
1323.56,56.83
1324.06,56.70
1324.56,56.70
1325.06,56.77
1325.56,56.58
1326.06,56.73
1326.56,56.67
1327.06,56.58
1327.56,56.71
1328.06,56.68
1328.56,56.73
1329.06,56.72
1329.56,56.46
1330.06,56.95
1330.56,56.73
1331.06,56.75
1331.56,56.90
1332.06,56.79
1332.56,56.76
1333.06,56.63
1333.56,56.77
1334.06,56.77
1334.56,56.65
1335.06,56.81
1335.56,56.68
1336.06,56.70
1336.56,56.70
1337.06,56.76
1337.56,56.92
1338.06,56.80
1338.56,56.64
1339.06,56.75
1339.56,56.76
1340.06,56.58
1340.56,56.71
1341.06,56.88
1341.56,56.70
1342.06,56.72
1342.56,56.66
1343.06,56.71
1343.56,56.66
1344.06,56.75
1344.56,56.91
1345.06,56.74
1345.56,56.86
1346.06,56.76
1346.56,56.86
1347.06,56.75
1347.56,56.82
1348.06,56.88
1348.56,56.95
1349.06,56.95
1349.56,56.76
1350.06,56.80
1350.56,56.76
1351.06,56.82
1351.56,56.77
1352.06,56.79
1352.56,56.74
1353.06,56.81
1353.56,56.83
1354.06,56.89
1354.56,56.86
1355.06,56.74
1355.56,56.81
1356.06,56.68
1356.56,56.87
1357.06,56.88
1357.56,56.79
1358.06,56.31
1358.56,56.84
1359.06,56.59
1359.56,56.85
1360.06,56.72
1360.56,56.77
1361.06,56.78
1361.56,56.80
1362.06,56.74
1362.56,56.80
1363.06,56.71
1363.56,57.09
1364.06,56.76
1364.56,56.65
1365.06,57.00
1365.56,56.91
1366.06,56.62
1366.56,56.70
1367.06,56.86
1367.56,56.82
1368.06,56.80
1368.56,56.97
1369.06,56.81
1369.56,56.76
1370.06,56.84
1370.56,56.75
1371.06,56.80
1371.56,56.82
1372.06,56.86
1372.56,57.02
1373.06,56.87
1373.56,56.74
1374.06,56.90
1374.56,56.57
1375.06,56.82
1375.56,57.03
1376.06,56.71
1376.56,56.77
1377.06,56.83
1377.56,57.05
1378.06,56.80
1378.56,56.84
1379.06,56.78
1379.56,56.69
1380.06,57.09
1380.56,56.83
1381.06,56.98
1381.56,56.76
1382.06,56.77
1382.56,56.71
1383.06,56.87
1383.56,56.84
1384.06,56.82
1384.56,56.90
1385.06,56.96
1385.56,56.81
1386.06,56.99
1386.56,56.71
1387.06,56.90
1387.56,56.85
1388.06,56.91
1388.56,56.91
1389.06,56.68
1389.56,56.91
1390.06,56.80
1390.56,56.84
1391.06,56.77
1391.56,56.88
1392.06,56.86
1392.56,56.89
1393.06,56.83
1393.56,56.71
1394.06,56.66
1394.56,56.68
1395.06,56.73
1395.56,56.72
1396.06,56.97
1396.56,56.81
1397.06,56.73
1397.56,56.71
1398.06,56.84
1398.56,56.70
1399.06,56.85
1399.56,56.87
1400.06,56.99
1400.56,56.96
1401.06,56.93
1401.56,56.86
1402.06,56.95
1402.56,56.93
1403.06,56.79
1403.56,56.97
1404.06,56.87
1404.56,56.80
1405.06,56.95
1405.56,56.83
1406.06,56.76
1406.56,56.94
1407.06,56.88
1407.56,56.90
1408.06,56.87
1408.56,57.07
1409.06,56.86
1409.56,56.89
1410.06,56.76
1410.56,56.94
1411.06,56.87
1411.56,56.83
1412.06,56.77
1412.56,56.94
1413.06,56.72
1413.56,56.91
1414.06,56.91
1414.56,57.06
1415.06,56.90
1415.56,57.08
1416.06,56.92
1416.56,57.10
1417.06,56.66
1417.56,56.89
1418.06,56.80
1418.56,56.84
1419.06,56.81
1419.56,56.84
1420.06,56.80
1420.56,57.01
1421.06,56.82
1421.56,57.08
1422.06,56.78
1422.56,56.66
1423.06,56.90
1423.56,56.95
1424.06,56.88
1424.56,56.91
1425.06,56.88
1425.56,57.07
1426.06,56.87
1426.56,57.09
1427.06,57.02
1427.56,56.66
1428.06,56.93
1428.56,56.95
1429.06,56.96
1429.56,56.75
1430.06,56.76
1430.56,56.86
1431.06,56.92
1431.56,57.16
1432.06,56.97
1432.56,56.91
1433.06,56.78
1433.56,56.69
1434.06,56.94
1434.56,57.02
1435.06,56.92
1435.56,56.92
1436.06,57.12
1436.56,56.88
1437.06,56.95
1437.56,57.04
1438.06,56.83
1438.56,56.79
1439.06,56.91
1439.56,56.80
1440.06,56.82
1440.56,57.00
1441.06,56.91
1441.56,56.86
1442.06,56.92
1442.56,56.78
1443.06,56.85
1443.56,56.91
1444.06,56.93
1444.56,56.80
1445.06,56.94
1445.56,57.03
1446.06,56.88
1446.56,56.94
1447.06,56.94
1447.56,56.75
1448.06,57.00
1448.56,56.97
1449.06,56.84
1449.56,56.80
1450.06,56.90
1450.56,56.97
1451.06,56.91
1451.56,56.99
1452.06,56.90
1452.56,56.91
1453.06,56.96
1453.56,56.97
1454.06,57.08
1454.56,56.94
1455.06,56.97
1455.56,56.91
1456.06,56.96
1456.56,56.84
1457.06,57.00
1457.56,56.85
1458.06,56.70
1458.56,56.82
1459.06,57.04
1459.56,56.72
1460.06,56.96
1460.56,56.84
1461.06,56.92
1461.56,57.05
1462.06,56.93
1462.56,56.85
1463.06,56.81
1463.56,57.03
1464.06,56.89
1464.56,56.97
1465.06,57.21
1465.56,57.00
1466.06,56.94
1466.56,56.86
1467.06,56.96
1467.56,56.93
1468.06,56.97
1468.56,56.98
1469.06,57.00
1469.56,56.99
1470.06,56.69
1470.56,57.01
1471.06,56.94
1471.56,56.95
1472.06,57.07
1472.56,56.90
1473.06,57.01
1473.56,57.29
1474.06,56.84
1474.56,57.05
1475.06,56.91
1475.56,57.09
1476.06,56.88
1476.56,56.96
1477.06,57.06
1477.56,56.98
1478.06,56.85
1478.56,56.96
1479.06,57.01
1479.56,56.83
1480.06,57.02
1480.56,57.29
1481.06,56.92
1481.56,57.00
1482.06,57.00
1482.56,56.79
1483.06,57.14
1483.56,56.98
1484.06,57.11
1484.56,56.89
1485.06,56.97
1485.56,56.96
1486.06,57.00
1486.56,57.00
1487.06,56.98
1487.56,56.71
1488.06,56.92
1488.56,57.12
1489.06,56.88
1489.56,56.99
1490.06,56.85
1490.56,57.09
1491.06,57.01
1491.56,56.84
1492.06,56.89
1492.56,56.98
1493.06,56.84
1493.56,57.04
1494.06,56.94
1494.56,57.21
1495.06,57.05
1495.56,56.99
1496.06,57.03
1496.56,56.89
1497.06,57.05
1497.56,57.09
1498.06,56.99
1498.56,57.11
1499.06,56.86
1499.56,57.04
1500.06,57.18
1500.56,57.05
1501.06,56.93
1501.56,57.23
1502.06,56.76
1502.56,56.87
1503.06,57.05
1503.56,56.99
1504.06,57.07
1504.56,57.06
1505.06,56.92
1505.56,56.94
1506.06,57.00
1506.56,57.04
1507.06,56.97
1507.56,56.90
1508.06,56.85
1508.56,56.94
1509.06,56.97
1509.56,57.04
1510.06,56.96
1510.56,57.02
1511.06,57.12
1511.56,57.24
1512.06,57.22
1512.56,56.95
1513.06,56.90
1513.56,57.01
1514.06,57.03
1514.56,57.17
1515.06,56.92
1515.56,57.04
1516.06,57.03
1516.56,57.13
1517.06,56.87
1517.56,56.99
1518.06,57.04
1518.56,57.13
1519.06,56.91
1519.56,57.03
1520.06,57.02
1520.56,56.94
1521.06,57.06
1521.56,57.16
1522.06,57.06
1522.56,57.43
1523.06,57.11
1523.56,57.08
1524.06,57.02
1524.56,56.93
1525.06,57.25
1525.56,57.19
1526.06,57.07
1526.56,57.06
1527.06,56.98
1527.56,57.05
1528.06,57.00
1528.56,56.69
1529.06,57.15
1529.56,57.10
1530.06,56.96
1530.56,57.16
1531.06,57.14
1531.56,56.91
1532.06,57.08
1532.56,57.00
1533.06,56.95
1533.56,56.95
1534.06,57.07
1534.56,57.01
1535.06,57.01
1535.56,56.92
1536.06,57.21
1536.56,57.10
1537.06,57.25
1537.56,57.01
1538.06,57.14
1538.56,57.26
1539.06,57.09
1539.56,57.24
1540.06,56.70
1540.56,57.05
1541.06,57.05
1541.56,56.87
1542.06,57.00
1542.56,56.97
1543.06,56.81
1543.56,57.03
1544.06,57.06
1544.56,56.83
1545.06,57.03
1545.56,57.04
1546.06,57.06
1546.56,56.99
1547.06,57.07
1547.56,57.14
1548.06,57.07
1548.56,57.06
1549.06,56.88
1549.56,57.00
1550.06,57.10
1550.56,57.00
1551.06,56.76
1551.56,56.85
1552.06,56.94
1552.56,57.06
1553.06,57.11
1553.56,57.05
1554.06,57.02
1554.56,56.97
1555.06,57.02
1555.56,57.28
1556.06,57.12
1556.56,57.12
1557.06,56.95
1557.56,56.76
1558.06,57.01
1558.56,57.05
1559.06,57.24
1559.56,57.09
1560.06,57.08
1560.56,57.00
1561.06,57.20
1561.56,57.08
1562.06,56.97
1562.56,56.97
1563.06,57.28
1563.56,57.03
1564.06,56.96
1564.56,57.35
1565.06,57.23
1565.56,57.08
1566.06,56.93
1566.56,57.01
1567.06,57.10
1567.56,57.12
1568.06,56.91
1568.56,57.06
1569.06,56.93
1569.56,57.47
1570.06,56.95
1570.56,57.08
1571.06,57.06
1571.56,57.05
1572.06,57.01
1572.56,57.04
1573.06,57.23
1573.56,57.00
1574.06,57.06
1574.56,57.08
1575.06,57.22
1575.56,56.95
1576.06,56.95
1576.56,57.13
1577.06,57.09
1577.56,57.02
1578.06,56.98
1578.56,57.11
1579.06,57.08
1579.56,56.91
1580.06,56.98
1580.56,57.03
1581.06,57.05
1581.56,57.02
1582.06,57.16
1582.56,57.00
1583.06,57.08
1583.56,57.03
1584.06,57.07
1584.56,57.29
1585.06,57.13
1585.56,56.99
1586.06,57.08
1586.56,56.94
1587.06,57.21
1587.56,56.78
1588.06,57.17
1588.56,57.19
1589.06,57.10
1589.56,57.25
1590.06,57.03
1590.56,57.08
1591.06,57.10
1591.56,57.07
1592.06,56.97
1592.56,57.04
1593.06,57.13
1593.56,57.08
1594.06,57.00
1594.56,57.04
1595.06,56.99
1595.56,57.10
1596.06,57.16
1596.56,57.20
1597.06,57.08
1597.56,57.02
1598.06,57.12
1598.56,57.19
1599.06,57.10
1599.56,56.96
1600.06,57.20
1600.56,56.86
1601.06,57.21
1601.56,57.16
1602.06,57.21
1602.56,57.03
1603.06,57.10
1603.56,56.90
1604.06,57.11
1604.56,57.19
1605.06,57.11
1605.56,56.82
1606.06,57.02
1606.56,57.09
1607.06,57.16
1607.56,57.02
1608.06,57.03
1608.56,56.87
1609.06,57.11
1609.56,57.15
1610.06,57.32
1610.56,57.31
1611.06,57.15
1611.56,57.04
1612.06,57.20
1612.56,57.12
1613.06,57.03
1613.56,57.21
1614.06,57.05
1614.56,57.09
1615.06,57.21
1615.56,57.16
1616.06,57.15
1616.56,57.04
1617.06,56.94
1617.56,57.02
1618.06,57.04
1618.57,56.88
1619.06,57.41
1619.56,57.05
1620.06,56.89
1620.57,57.03
1621.06,57.12
1621.56,57.21
1622.06,57.09
1622.56,57.32
1623.06,57.02
1623.56,57.15
1624.06,57.21
1624.56,57.22
1625.06,57.01
1625.56,57.21
1626.06,57.07
1626.56,57.17
1627.06,57.13
1627.56,57.10
1628.06,57.11
1628.56,57.06
1629.06,57.12
1629.56,57.01
1630.06,57.19
1630.56,57.03
1631.06,57.18
1631.56,57.15
1632.06,57.01
1632.56,57.08
1633.06,56.97
1633.56,57.17
1634.06,57.08
1634.56,57.11
1635.06,57.15
1635.56,57.06
1636.06,57.23
1636.56,57.11
1637.06,57.17
1637.56,57.14
1638.06,57.05
1638.56,57.00
1639.06,57.24
1639.56,56.93
1640.06,56.93
1640.56,57.26
1641.06,57.08
1641.56,57.07
1642.06,56.97
1642.56,57.19
1643.06,56.98
1643.56,57.10
1644.06,57.01
1644.56,57.38
1645.06,57.11
1645.56,57.12
1646.06,57.07
1646.56,56.99
1647.06,57.11
1647.56,57.09
1648.06,56.93
1648.56,57.16
1649.06,57.15
1649.56,57.12
1650.06,57.10
1650.56,57.03
1651.06,57.22
1651.56,57.11
1652.06,56.79
1652.56,57.03
1653.06,57.10
1653.56,57.11
1654.06,56.83
1654.56,57.09
1655.06,57.05
1655.56,57.15
1656.06,56.95
1656.56,57.16
1657.06,57.16
1657.56,57.05
1658.06,57.26
1658.56,57.09
1659.06,57.10
1659.56,56.87
1660.06,57.33
1660.56,57.14
1661.06,57.32
1661.56,57.00
1662.06,57.26
1662.56,57.17
1663.06,57.03
1663.56,56.86
1664.06,57.07
1664.56,57.22
1665.06,57.26
1665.56,57.18
1666.06,57.03
1666.56,56.86
1667.06,57.20
1667.56,56.94
1668.06,57.20
1668.56,57.11
1669.06,57.17
1669.56,57.07
1670.06,57.03
1670.56,56.95
1671.06,57.15
1671.56,57.06
1672.06,57.16
1672.56,57.23
1673.06,57.06
1673.56,57.16
1674.06,57.03
1674.56,56.98
1675.06,57.03
1675.56,57.14
1676.06,57.04
1676.56,57.21
1677.06,57.07
1677.56,56.96
1678.06,57.14
1678.56,57.04
1679.06,57.10
1679.56,57.06
1680.06,56.92
1680.56,57.17
1681.06,57.12
1681.56,56.99
1682.06,57.09
1682.56,57.10
1683.06,57.03
1683.56,57.15
1684.06,57.04
1684.56,56.91
1685.06,57.26
1685.56,57.45
1686.06,57.20
1686.56,57.19
1687.06,57.21
1687.56,57.17
1688.06,57.34
1688.56,57.20
1689.06,57.18
1689.56,57.14
1690.06,57.13
1690.56,57.05
1691.06,57.19
1691.56,57.12
1692.06,57.09
1692.56,56.97
1693.06,57.05
1693.56,57.05
1694.06,57.09
1694.56,57.05
1695.06,57.18
1695.56,57.08
1696.06,56.95
1696.56,57.03
1697.06,57.04
1697.56,56.92
1698.06,57.17
1698.56,56.89
1699.06,57.16
1699.56,57.08
1700.06,57.18
1700.56,57.10
1701.06,56.50
1701.56,57.06
1702.06,57.05
1702.56,57.00
1703.06,57.06
1703.56,57.31
1704.06,57.10
1704.56,57.25
1705.06,57.04
1705.56,57.04
1706.06,57.18
1706.56,57.07
1707.06,57.44
1707.56,56.86
1708.06,56.92
1708.56,57.08
1709.06,57.08
1709.56,57.07
1710.06,57.12
1710.56,57.10
1711.06,57.07
1711.56,57.02
1712.06,57.08
1712.56,57.08
1713.06,57.03
1713.56,57.12
1714.06,57.15
1714.56,57.54
1715.06,57.09
1715.56,56.92
1716.06,57.06
1716.56,56.97
1717.06,57.10
1717.56,57.10
1718.06,56.91
1718.56,57.20
1719.06,56.95
1719.56,57.09
1720.06,57.13
1720.56,57.02
1721.06,57.08
1721.56,57.08
1722.06,57.08
1722.56,57.14
1723.06,57.26
1723.56,57.11
1724.06,57.23
1724.56,57.10
1725.06,57.06
1725.56,57.14
1726.06,57.02
1726.56,57.14
1727.06,57.04
1727.56,56.99
1728.06,57.08
1728.56,57.12
1729.06,57.01
1729.56,56.86
1730.06,57.07
1730.56,56.89
1731.06,57.03
1731.56,57.09
1732.06,57.05
1732.56,57.04
1733.06,57.01
1733.56,57.15
1734.06,57.11
1734.56,56.96
1735.06,57.00
1735.56,57.25
1736.06,56.89
1736.56,57.23
1737.06,57.20
1737.56,57.11
1738.06,57.13
1738.56,56.86
1739.06,57.22
1739.56,57.05
1740.06,57.19
1740.56,57.07
1741.06,57.17
1741.56,57.21
1742.06,57.31
1742.56,57.13
1743.06,57.30
1743.56,57.12
1744.06,56.97
1744.56,57.10
1745.06,57.27
1745.56,57.11
1746.06,57.03
1746.56,57.07
1747.06,57.22
1747.56,57.05
1748.06,57.11
1748.56,57.14
1749.06,57.05
1749.56,57.11
1750.06,57.14
1750.56,56.97
1751.06,57.13
1751.56,57.14
1752.06,57.12
1752.56,57.21
1753.06,57.17
1753.56,56.99
1754.06,57.15
1754.56,57.18
1755.06,57.14
1755.56,57.13
1756.06,57.09
1756.56,57.31
1757.06,57.08
1757.56,57.24
1758.06,57.06
1758.56,57.18
1759.06,57.07
1759.56,57.29
1760.06,57.24
1760.56,57.12
1761.06,57.17
1761.56,57.01
1762.06,57.08
1762.56,56.93
1763.06,57.18
1763.56,57.20
1764.06,57.18
1764.56,57.02
1765.06,57.06
1765.56,56.87
1766.06,57.13
1766.56,57.16
1767.06,57.19
1767.56,57.28
1768.06,56.89
1768.56,57.16
1769.06,57.25
1769.56,57.35
1770.06,57.10
1770.56,57.21
1771.06,57.15
1771.56,57.02
1772.06,57.35
1772.56,57.18
1773.06,57.12
1773.56,57.21
1774.06,57.16
1774.56,57.17
1775.06,57.16
1775.56,57.35
1776.06,57.21
1776.56,57.21
1777.06,57.19
1777.56,57.19
1778.06,57.11
1778.56,57.10
1779.06,57.12
1779.56,57.07
1780.06,57.10
1780.56,57.18
1781.06,57.15
1781.56,57.14
1782.06,57.06
1782.56,57.03
1783.06,57.25
1783.56,57.15
1784.06,57.19
1784.56,57.13
1785.06,57.15
1785.56,57.06
1786.06,57.07
1786.56,57.12
1787.06,57.12
1787.56,57.18
1788.06,57.26
1788.56,57.12
1789.06,57.13
1789.56,57.29
1790.06,57.10
1790.56,57.15
1791.06,57.09
1791.56,57.00
1792.06,57.30
1792.56,57.18
1793.06,57.24
1793.56,57.23
1794.06,57.11
1794.56,57.21
1795.06,57.19
1795.56,57.17
1796.06,57.24
1796.56,57.11
1797.06,57.09
1797.56,57.07
1798.06,57.35
1798.56,57.15
1799.06,57.14
1799.56,57.08
1800.06,57.14
1800.56,57.32
1801.06,57.04
1801.56,57.03
1802.06,57.18
1802.56,57.10
1803.06,57.03
1803.56,57.01
1804.06,57.28
1804.56,57.13
1805.06,57.18
1805.56,57.10
1806.06,57.22
1806.56,57.36
1807.06,57.15
1807.56,57.03
1808.06,57.12
1808.56,57.16
1809.06,57.19
1809.56,57.19
1810.06,57.17
1810.56,57.22
1811.06,57.13
1811.56,57.09
1812.06,57.05
1812.56,57.12
1813.06,57.16
1813.56,57.29
1814.06,57.04
1814.56,57.20
1815.06,57.14
1815.56,56.98
1816.06,57.23
1816.56,56.98
1817.06,57.05
1817.56,57.17
1818.06,57.09
1818.56,57.18
1819.06,57.13
1819.56,56.95
1820.06,57.06
1820.56,56.99
1821.06,56.91
1821.56,57.22
1822.06,57.04
1822.56,57.15
1823.06,57.16
1823.56,57.16
1824.06,57.00
1824.56,57.12
1825.06,57.16
1825.56,57.12
1826.06,57.25
1826.56,57.06
1827.06,57.17
1827.56,57.43
1828.06,57.33
1828.56,57.08
1829.06,57.07
1829.56,56.91
1830.06,57.09
1830.56,57.22
1831.06,57.07
1831.56,57.36
1832.06,57.22
1832.56,57.04
1833.06,57.10
1833.56,57.09
1834.06,57.17
1834.56,57.26
1835.06,57.13
1835.56,57.18
1836.06,57.05
1836.56,57.14
1837.06,57.31
1837.56,57.14
1838.06,57.21
1838.56,57.27
1839.06,57.20
1839.56,57.18
1840.06,57.20
1840.56,57.14
1841.06,57.17
1841.56,57.14
1842.06,57.27
1842.56,57.27
1843.06,57.34
1843.56,57.29
1844.06,57.28
1844.56,57.24
1845.06,57.02
1845.56,57.22
1846.06,57.33
1846.56,57.13
1847.06,57.00
1847.56,57.28
1848.06,57.10
1848.56,57.25
1849.06,57.21
1849.56,57.32
1850.06,57.06
1850.56,57.03
1851.06,57.19
1851.56,57.20
1852.06,57.09
1852.56,57.12
1853.06,57.22
1853.56,57.21
1854.06,57.14
1854.56,57.13
1855.06,57.44
1855.56,57.14
1856.06,57.06
1856.56,57.07
1857.06,56.94
1857.56,57.14
1858.06,57.16
1858.56,57.05
1859.06,57.15
1859.56,57.30
1860.06,57.06
1860.56,57.20
1861.06,57.11
1861.56,57.15
1862.06,57.17
1862.56,57.10
1863.06,57.21
1863.56,57.16
1864.06,57.14
1864.56,57.14
1865.06,57.27
1865.56,57.19
1866.06,57.10
1866.56,57.26
1867.06,57.26
1867.56,57.22
1868.06,57.13
1868.56,57.22
1869.06,57.24
1869.56,57.30
1870.06,57.09
1870.56,57.09
1871.06,57.23
1871.56,57.14
1872.06,57.08
1872.56,57.17
1873.06,57.32
1873.56,57.01
1874.06,56.84
1874.56,57.41
1875.06,57.17
1875.56,57.21
1876.06,57.13
1876.56,57.32
1877.06,57.05
1877.56,57.27
1878.06,57.25
1878.56,57.20
1879.06,57.22
1879.56,56.90
1880.06,57.11
1880.56,57.12
1881.06,57.39
1881.56,57.09
1882.06,57.03
1882.56,57.23
1883.06,57.15
1883.56,57.22
1884.06,57.10
1884.56,57.16
1885.06,57.20
1885.56,57.34
1886.06,57.19
1886.56,57.38
1887.06,57.19
1887.56,57.19
1888.06,57.15
1888.56,57.10
1889.06,57.15
1889.56,57.21
1890.06,57.23
1890.56,57.37
1891.06,57.23
1891.56,57.23
1892.06,57.24
1892.56,57.16
1893.06,57.21
1893.56,57.15
1894.06,57.11
1894.56,57.28
1895.06,57.14
1895.56,57.00
1896.06,57.13
1896.56,57.27
1897.06,57.17
1897.56,57.29
1898.06,57.36
1898.56,57.21
1899.06,57.27
1899.56,56.97
1900.06,57.30
1900.56,57.29
1901.06,57.33
1901.56,57.29
1902.06,57.05
1902.56,57.24
1903.06,57.22
1903.56,57.09
1904.06,57.25
1904.56,57.17
1905.06,57.33
1905.56,57.28
1906.06,57.37
1906.56,57.13
1907.06,57.52
1907.56,57.09
1908.06,57.14
1908.56,57.23
1909.06,57.10
1909.56,57.25
1910.06,57.20
1910.56,57.06
1911.06,57.22
1911.56,57.27
1912.06,57.23
1912.56,57.29
1913.06,57.18
1913.56,57.34
1914.06,57.10
1914.56,57.15
1915.06,57.37
1915.56,57.05
1916.06,57.01
1916.56,57.38
1917.06,57.18
1917.56,57.14
1918.06,57.26
1918.56,57.24
1919.06,57.27
1919.56,56.55
1920.06,57.14
1920.56,57.24
1921.06,57.14
1921.56,57.25
1922.06,57.16
1922.56,56.90
1923.06,57.33
1923.56,57.18
1924.06,57.13
1924.56,57.23
1925.06,56.92
1925.56,57.06
1926.06,57.01
1926.56,57.24
1927.06,57.17
1927.56,57.48
1928.06,57.12
1928.56,57.23
1929.06,56.89
1929.56,57.22
1930.06,57.23
1930.56,57.15
1931.06,57.37
1931.56,57.25
1932.06,57.18
1932.56,57.14
1933.06,57.05
1933.56,57.26
1934.06,57.39
1934.56,57.14
1935.06,57.17
1935.56,57.14
1936.06,57.16
1936.56,56.93
1937.06,57.21
1937.56,57.21
1938.06,57.20
1938.56,57.38
1939.06,57.10
1939.56,57.35
1940.06,57.13
1940.56,57.16
1941.06,57.18
1941.56,57.33
1942.06,57.24
1942.56,57.09
1943.07,57.19
1943.56,57.30
1944.06,57.14
1944.56,57.16
1945.07,57.19
1945.56,57.17
1946.06,57.07
1946.56,57.22
1947.07,57.10
1947.56,57.29
1948.06,57.17
1948.56,57.35
1949.06,57.45
1949.56,57.07
1950.06,57.03
1950.56,57.04
1951.06,57.05
1951.56,57.18
1952.06,57.04
1952.56,57.30
1953.06,57.20
1953.56,57.13
1954.06,57.20
1954.56,57.19
1955.06,57.40
1955.56,57.14
1956.06,57.15
1956.56,57.23
1957.06,57.22
1957.56,57.19
1958.06,57.20
1958.56,57.25
1959.06,57.26
1959.56,57.11
1960.06,57.17
1960.56,57.08
1961.06,57.11
1961.56,57.10
1962.06,57.18
1962.56,57.18
1963.06,57.22
1963.56,57.20
1964.06,57.05
1964.56,57.11
1965.06,57.14
1965.56,57.15
1966.06,57.14
1966.56,57.17
1967.06,57.10
1967.56,56.90
1968.06,57.08
1968.56,57.37
1969.06,57.22
1969.56,57.27
1970.06,57.02
1970.56,57.00
1971.06,57.14
1971.56,57.23
1972.06,57.16
1972.56,57.20
1973.06,57.16
1973.56,57.15
1974.06,57.27
1974.56,57.10
1975.06,57.12
1975.56,57.21
1976.06,57.20
1976.56,57.28
1977.06,56.80
1977.56,57.11
1978.06,57.08
1978.56,57.19
1979.06,56.96
1979.56,56.95
1980.06,57.21
1980.56,57.24
1981.06,57.33
1981.56,57.20
1982.06,56.98
1982.56,57.44
1983.06,56.82
1983.56,57.49
1984.06,57.16
1984.56,57.02
1985.06,57.16
1985.56,56.91
1986.06,57.25
1986.56,57.20
1987.06,57.09
1987.56,57.13
1988.06,57.27
1988.56,57.16
1989.06,57.07
1989.56,57.18
1990.06,57.10
1990.56,57.17
1991.06,57.14
1991.56,57.10
1992.06,57.12
1992.56,57.06
1993.06,57.19
1993.56,57.20
1994.06,57.07
1994.56,57.08
1995.06,57.07
1995.56,56.96
1996.06,57.00
1996.56,57.22
1997.06,57.26
1997.56,57.11
1998.06,56.99
1998.56,57.05
1999.06,57.37
1999.56,57.07
2000.06,57.08
2000.56,57.14
2001.06,57.30
2001.56,56.90
2002.06,57.10
2002.56,57.09
2003.06,56.93
2003.56,57.17
2004.06,57.07
2004.56,57.00
2005.06,57.15
2005.56,57.21
2006.06,56.97
2006.56,57.11
2007.06,57.09
2007.56,57.08
2008.06,57.07
2008.56,57.16
2009.06,57.14
2009.56,57.10
2010.06,57.01
2010.56,57.10
2011.06,57.09
2011.56,57.04
2012.06,57.21
2012.56,56.95
2013.06,57.18
2013.56,56.95
2014.06,56.96
2014.56,57.10
2015.06,57.12
2015.56,56.98
2016.06,57.12
2016.56,57.20
2017.06,57.16
2017.56,57.00
2018.06,57.18
2018.56,57.25
2019.06,56.86
2019.56,57.11
2020.06,57.17
2020.56,57.15
2021.06,57.09
2021.56,56.95
2022.06,57.04
2022.56,57.06
2023.06,56.97
2023.56,57.15
2024.06,57.18
2024.56,57.08
2025.06,57.01
2025.56,57.09
2026.06,57.06
2026.56,57.11
2027.06,56.85
2027.56,57.08
2028.06,56.94
2028.56,56.99
2029.06,57.06
2029.56,57.08
2030.06,57.11
2030.56,57.05
2031.06,57.15
2031.56,57.11
2032.06,56.99
2032.56,57.09
2033.06,57.02
2033.56,57.02
2034.06,57.15
2034.56,57.37
2035.06,56.86
2035.56,57.17
2036.06,57.10
2036.56,56.95
2037.06,57.21
2037.56,57.02
2038.06,56.99
2038.56,57.05
2039.06,57.14
2039.56,56.99
2040.06,57.08
2040.56,57.15
2041.06,57.01
2041.56,56.99
2042.06,56.97
2042.56,57.28
2043.06,57.09
2043.56,57.15
2044.06,57.15
2044.56,56.90
2045.06,56.89
2045.56,57.12
2046.06,57.15
2046.56,57.16
2047.06,57.11
2047.56,57.16
2048.06,57.29
2048.56,57.02
2049.06,56.87
2049.56,57.11
2050.06,57.06
2050.56,56.98
2051.06,57.20
2051.56,57.08
2052.06,56.93
2052.56,57.38
2053.06,57.09
2053.56,57.13
2054.06,57.05
2054.56,56.99
2055.06,57.04
2055.56,57.36
2056.06,57.10
2056.56,57.15
2057.06,56.98
2057.56,57.03
2058.06,57.09
2058.56,57.12
2059.06,57.13
2059.56,57.05
2060.06,56.93
2060.56,57.30
2061.06,57.21
2061.56,57.00
2062.06,57.15
2062.56,57.01
2063.06,57.08
2063.56,57.11
2064.06,57.00
2064.56,57.06
2065.06,57.14
2065.56,57.10
2066.06,57.15
2066.56,57.20
2067.06,56.97
2067.56,57.20
2068.06,56.81
2068.56,57.06
2069.06,57.10
2069.56,57.11
2070.06,57.07
2070.56,57.17
2071.06,57.10
2071.56,57.07
2072.06,57.19
2072.56,57.06
2073.06,57.11
2073.56,56.94
2074.06,57.04
2074.56,57.20
2075.06,57.04
2075.56,57.14
2076.06,57.06
2076.56,57.18
2077.06,57.14
2077.56,57.15
2078.06,57.24
2078.56,57.02
2079.06,57.16
2079.56,56.98
2080.06,56.99
2080.56,57.11
2081.06,57.20
2081.56,57.08
2082.06,57.24
2082.56,57.03
2083.06,56.87
2083.56,57.03
2084.06,57.03
2084.56,56.96
2085.06,57.16
2085.56,57.11
2086.06,57.05
2086.56,56.93
2087.06,57.23
2087.56,57.05
2088.06,57.17
2088.56,57.07
2089.06,57.04
2089.56,57.01
2090.06,57.02
2090.56,57.05
2091.06,57.20
2091.56,57.04
2092.06,57.14
2092.56,57.20
2093.06,57.07
2093.56,57.15
2094.06,56.78
2094.56,57.30
2095.06,57.01
2095.56,56.99
2096.06,56.96
2096.56,56.92
2097.06,56.97
2097.56,57.10
2098.06,57.12
2098.56,57.09
2099.06,57.08
2099.56,57.16
2100.06,57.16
2100.56,57.26
2101.06,57.26
2101.56,57.26
2102.06,57.15
2102.56,57.07
2103.06,57.15
2103.56,57.12
2104.06,57.27
2104.56,57.00
2105.06,57.03
2105.56,57.32
2106.06,57.02
2106.56,57.27
2107.06,57.10
2107.56,57.19
2108.06,57.18
2108.56,57.34
2109.06,57.15
2109.56,57.05
2110.06,57.15
2110.56,57.15
2111.06,57.07
2111.56,57.05
2112.06,57.03
2112.56,57.19
2113.06,57.27
2113.56,57.12
2114.06,57.09
2114.56,56.93
2115.06,57.12
2115.56,57.32
2116.06,57.08
2116.56,57.05
2117.06,57.14
2117.56,57.06
2118.06,57.09
2118.56,57.14
2119.06,57.16
2119.56,57.10
2120.06,56.98
2120.56,57.13
2121.06,57.23
2121.56,56.79
2122.06,57.09
2122.56,57.12
2123.06,57.07
2123.56,57.02
2124.06,57.08
2124.56,57.15
2125.06,57.01
2125.56,57.21
2126.06,57.14
2126.56,56.96
2127.06,57.32
2127.56,57.44
2128.06,57.28
2128.56,57.14
2129.06,57.08
2129.56,56.99
2130.06,57.10
2130.56,57.17
2131.06,57.08
2131.56,56.96
2132.06,57.05
2132.56,57.15
2133.06,57.15
2133.56,57.12
2134.06,57.18
2134.56,57.04
2135.06,57.15
2135.56,57.09
2136.06,57.29
2136.56,57.07
2137.06,57.23
2137.56,57.17
2138.06,57.23
2138.56,57.11
2139.06,56.98
2139.56,57.15
2140.06,57.21
2140.56,57.25
2141.06,57.11
2141.56,57.34
2142.06,57.27
2142.56,56.82
2143.06,57.24
2143.56,57.04
2144.06,57.44
2144.56,57.14
2145.06,57.02
2145.56,56.93
2146.06,57.29
2146.56,57.41
2147.06,56.99
2147.56,57.10
2148.06,57.07
2148.56,56.98
2149.06,57.17
2149.56,57.19
2150.06,57.08
2150.56,57.19
2151.06,57.13
2151.56,57.19
2152.06,57.15
2152.56,57.32
2153.06,57.12
2153.56,57.25
2154.06,57.07
2154.56,57.11
2155.06,56.90
2155.56,57.16
2156.06,57.27
2156.56,57.19
2157.06,57.20
2157.56,57.05
2158.06,57.06
2158.56,57.11
2159.06,57.10
2159.56,57.18
2160.06,57.27
2160.56,57.20
2161.06,57.20
2161.56,57.23
2162.06,57.23
2162.56,56.97
2163.06,57.17
2163.56,57.37
2164.06,57.11
2164.56,57.39
2165.06,57.16
2165.56,57.10
2166.06,57.03
2166.56,57.25
2167.06,57.11
2167.56,57.23
2168.06,57.01
2168.56,57.02
2169.06,57.07
2169.56,57.22
2170.06,57.24
2170.56,57.04
2171.06,57.05
2171.56,57.06
2172.06,57.04
2172.56,57.21
2173.06,57.25
2173.56,57.11
2174.06,57.25
2174.56,57.10
2175.06,57.21
2175.56,57.25
2176.06,57.05
2176.56,57.14
2177.06,57.21
2177.56,57.19
2178.06,57.16
2178.56,57.24
2179.06,57.13
2179.56,57.16
2180.06,57.31
2180.56,57.12
2181.06,57.00
2181.56,57.13
2182.06,57.22
2182.56,57.17
2183.06,57.18
2183.56,57.37
2184.06,57.19
2184.56,57.12
2185.06,57.45
2185.56,57.11
2186.06,57.21
2186.56,57.16
2187.06,57.19
2187.56,57.13
2188.06,57.26
2188.56,57.09
2189.06,57.24
2189.56,57.05
2190.06,57.19
2190.56,57.32
2191.06,57.20
2191.56,57.08
2192.06,57.28
2192.56,57.14
2193.06,57.21
2193.56,57.15
2194.06,57.26
2194.56,57.05
2195.06,57.16
2195.56,57.15
2196.06,57.05
2196.56,57.22
2197.06,57.09
2197.56,57.29
2198.06,57.22
2198.56,57.04
2199.06,57.22
2199.56,57.04
2200.06,57.24
2200.56,57.02
2201.06,57.23
2201.56,57.06
2202.06,57.36
2202.56,57.13
2203.06,57.14
2203.56,57.31
2204.06,57.12
2204.56,57.18
2205.06,57.29
2205.56,57.25
2206.06,57.29
2206.56,57.29
2207.06,56.98
2207.56,57.12
2208.06,57.09
2208.56,57.18
2209.06,57.01
2209.56,57.11
2210.06,57.16
2210.56,57.45
2211.06,57.21
2211.56,57.23
2212.06,57.29
2212.56,57.13
2213.06,57.19
2213.56,57.24
2214.06,57.17
2214.56,57.18
2215.06,57.27
2215.56,57.20
2216.06,57.03
2216.56,57.31
2217.06,57.13
2217.56,57.10
2218.06,57.14
2218.56,57.10
2219.06,57.03
2219.56,57.28
2220.06,57.15
2220.56,57.21
2221.06,57.18
2221.56,57.34
2222.06,57.24
2222.56,57.21
2223.06,56.94
2223.56,57.21
2224.06,57.24
2224.56,57.13
2225.06,57.00
2225.56,57.11
2226.06,56.99
2226.56,57.37
2227.06,57.18
2227.56,57.18
2228.06,57.11
2228.56,57.13
2229.06,57.18
2229.56,57.20
2230.06,57.02
2230.56,57.10
2231.06,57.23
2231.56,56.84
2232.06,57.20
2232.56,57.21
2233.06,57.04
2233.56,57.27
2234.06,57.03
2234.56,57.15
2235.06,57.03
2235.56,57.17
2236.06,57.18
2236.56,57.12
2237.06,57.16
2237.56,57.27
2238.06,57.14
2238.56,57.21
2239.06,57.25
2239.56,57.12
2240.06,57.15
2240.56,57.12
2241.06,57.09
2241.56,57.06
2242.06,57.28
2242.56,57.10
2243.06,57.05
2243.56,57.06
2244.06,57.17
2244.56,56.95
2245.06,57.03
2245.56,57.07
2246.06,57.15
2246.56,57.35
2247.06,57.13
2247.56,57.22
2248.06,57.07
2248.56,57.15
2249.06,57.01
2249.56,57.27
2250.06,57.15
2250.56,57.21
2251.06,57.26
2251.56,57.02
2252.06,57.15
2252.56,57.10
2253.06,57.00
2253.56,57.00
2254.06,57.08
2254.56,57.26
2255.06,57.10
2255.56,57.14
2256.06,56.99
2256.56,57.14
2257.06,57.23
2257.56,56.95
2258.06,57.22
2258.56,57.07
2259.06,56.99
2259.56,57.07
2260.06,57.16
2260.56,57.20
2261.06,56.98
2261.56,57.15
2262.06,57.11
2262.56,57.08
2263.06,57.09
2263.56,57.21
2264.06,57.22
2264.56,57.04
2265.06,57.09
2265.56,57.26
2266.06,57.23
2266.56,57.17
2267.06,57.23
2267.57,57.15
2268.06,57.17
2268.56,57.31
2269.06,57.09
2269.57,57.19
2270.06,57.24
2270.56,57.17
2271.06,57.15
2271.56,57.49
2272.06,57.28
2272.56,57.17
2273.06,57.12
2273.56,57.26
2274.06,57.05
2274.56,56.96
2275.06,56.98
2275.56,56.98
2276.06,57.15
2276.56,57.05
2277.06,57.22
2277.56,57.18
2278.06,57.13
2278.56,57.19
2279.06,57.12
2279.56,57.10
2280.06,57.26
2280.56,57.14
2281.06,57.15
2281.56,57.15
2282.06,57.17
2282.56,57.18
2283.06,56.97
2283.56,57.19
2284.06,57.09
2284.56,57.18
2285.06,57.22
2285.56,56.95
2286.06,57.05
2286.56,57.00
2287.06,57.30
2287.56,57.27
2288.06,57.18
2288.56,57.14
2289.06,57.08
2289.56,57.09
2290.06,57.03
2290.56,57.09
2291.06,57.08
2291.56,57.11
2292.06,57.28
2292.56,57.18
2293.06,57.12
2293.56,57.13
2294.06,57.18
2294.56,57.25
2295.06,57.21
2295.56,57.18
2296.06,57.22
2296.56,57.16
2297.06,57.28
2297.56,57.12
2298.06,57.30
2298.56,57.24
2299.06,57.16
2299.56,57.19
2300.06,57.15
2300.56,57.18
2301.06,57.14
2301.56,57.16
2302.06,57.22
2302.56,56.91
2303.06,57.17
2303.56,57.18
2304.06,57.15
2304.56,57.19
2305.06,57.17
2305.56,57.36
2306.06,57.12
2306.56,57.05
2307.06,57.10
2307.56,57.39
2308.06,57.02
2308.56,57.16
2309.06,57.15
2309.56,57.17
2310.06,57.30
2310.56,56.92
2311.06,57.18
2311.56,57.00
2312.06,57.08
2312.56,57.14
2313.06,57.20
2313.56,57.03
2314.06,57.04
2314.56,57.15
2315.06,57.08
2315.56,57.13
2316.06,56.99
2316.56,57.05
2317.06,57.12
2317.56,57.08
2318.06,57.07
2318.56,57.22
2319.06,57.13
2319.56,57.10
2320.06,57.32
2320.56,57.28
2321.06,57.17
2321.56,57.24
2322.06,57.22
2322.56,57.17
2323.06,57.32
2323.56,57.18
2324.06,57.20
2324.56,57.18
2325.06,57.08
2325.56,57.18
2326.06,57.18
2326.56,57.22
2327.06,57.19
2327.56,57.32
2328.06,57.12
2328.56,57.36
2329.06,57.02
2329.56,57.39
2330.06,57.15
2330.56,57.09
2331.06,57.16
2331.56,57.38
2332.06,57.24
2332.56,57.33
2333.06,57.21
2333.56,57.16
2334.06,57.27
2334.56,57.16
2335.06,57.13
2335.56,57.10
2336.06,57.16
2336.56,57.06
2337.06,57.17
2337.56,57.08
2338.06,57.15
2338.56,57.23
2339.06,57.29
2339.56,57.18
2340.06,57.39
2340.56,57.12
2341.06,57.12
2341.56,57.12
2342.06,57.17
2342.56,57.28
2343.06,56.92
2343.56,57.23
2344.06,57.17
2344.56,57.13
2345.06,57.34
2345.56,57.22
2346.06,57.24
2346.56,57.37
2347.06,57.29
2347.56,57.10
2348.06,57.13
2348.56,56.97
2349.06,57.23
2349.56,57.19
2350.06,57.16
2350.56,57.26
2351.06,57.09
2351.56,57.33
2352.06,57.09
2352.56,57.14
2353.06,56.95
2353.56,57.17
2354.06,57.41
2354.56,57.21
2355.06,57.30
2355.56,57.23
2356.06,57.33
2356.56,57.23
2357.06,57.30
2357.56,57.20
2358.06,57.15
2358.56,57.14
2359.06,57.25
2359.56,57.32
2360.06,57.17
2360.56,57.12
2361.06,57.19
2361.56,57.06
2362.06,57.14
2362.56,57.21
2363.06,57.17
2363.56,57.26
2364.06,57.10
2364.56,57.17
2365.06,57.24
2365.56,57.18
2366.06,57.15
2366.56,57.25
2367.06,57.09
2367.56,57.17
2368.06,57.28
2368.56,57.34
2369.06,57.12
2369.56,57.22
2370.06,57.36
2370.56,57.17
2371.06,57.15
2371.56,57.23
2372.06,57.07
2372.56,57.22
2373.06,57.04
2373.56,57.25
2374.06,57.15
2374.56,57.17
2375.06,57.29
2375.56,57.11
2376.06,57.51
2376.56,57.16
2377.06,57.07
2377.56,57.23
2378.06,57.15
2378.56,57.27
2379.06,57.08
2379.56,57.24
2380.06,56.97
2380.56,57.08
2381.06,57.18
2381.56,57.26
2382.06,57.45
2382.56,57.30
2383.06,57.27
2383.56,57.13
2384.06,57.18
2384.56,57.05
2385.06,57.03
2385.56,57.22
2386.06,57.17
2386.56,57.12
2387.06,56.99
2387.56,57.07
2388.06,57.12
2388.56,57.25
2389.06,57.19
2389.56,56.94
2390.06,57.07
2390.56,57.11
2391.06,56.93
2391.56,57.16
2392.06,57.15
2392.56,57.10
2393.06,57.18
2393.56,57.17
2394.06,57.25
2394.56,57.13
2395.06,57.06
2395.56,57.09
2396.06,57.09
2396.56,57.18
2397.06,57.13
2397.56,57.05
2398.06,57.13
2398.56,57.06
2399.06,57.13
2399.56,57.16
2400.06,57.20
2400.56,57.27
2401.06,57.11
2401.56,57.16
2402.06,57.24
2402.56,57.33
2403.06,57.02
2403.56,57.19
2404.06,57.01
2404.56,57.06
2405.06,57.17
2405.56,56.92
2406.06,57.13
2406.56,56.89
2407.06,57.14
2407.56,57.13
2408.06,57.17
2408.56,57.09
2409.06,56.89
2409.56,57.13
2410.06,56.87
2410.56,57.26
2411.06,57.24
2411.56,57.12
2412.06,57.14
2412.56,57.49
2413.06,57.16
2413.56,57.16
2414.06,57.15
2414.56,57.30
2415.06,56.99
2415.56,57.17
2416.06,57.15
2416.56,57.03
2417.06,57.09
2417.56,57.09
2418.06,57.11
2418.56,57.04
2419.06,57.22
2419.56,57.18
2420.06,57.05
2420.56,57.10
2421.06,57.23
2421.56,57.31
2422.06,56.98
2422.56,57.37
2423.06,57.15
2423.56,57.20
2424.06,57.15
2424.56,57.30
2425.06,57.12
2425.56,57.04
2426.06,57.12
2426.56,57.29
2427.06,57.31
2427.56,57.15
2428.06,57.19
2428.56,57.36
2429.06,57.39
2429.56,57.19
2430.06,57.09
2430.56,57.18
2431.06,57.28
2431.56,57.09
2432.06,57.08
2432.56,57.08
2433.06,57.26
2433.56,57.11
2434.06,57.05
2434.56,57.17
2435.06,57.09
2435.56,57.13
2436.06,57.31
2436.56,57.09
2437.06,57.19
2437.56,57.04
2438.06,57.42
2438.56,57.11
2439.06,57.20
2439.56,57.14
2440.06,57.18
2440.56,57.17
2441.06,57.17
2441.56,56.99
2442.06,57.25
2442.56,57.01
2443.06,57.44
2443.56,57.17
2444.06,57.03
2444.56,57.07
2445.06,57.05
2445.56,56.98
2446.06,57.17
2446.56,57.00
2447.06,57.29
2447.56,57.12
2448.06,57.13
2448.56,57.23
2449.06,57.06
2449.56,57.13
2450.06,57.17
2450.56,57.18
2451.06,57.22
2451.56,57.09
2452.06,57.01
2452.56,57.00
2453.06,57.21
2453.56,57.22
2454.06,57.27
2454.56,57.31
2455.06,57.10
2455.56,57.01
2456.06,57.13
2456.56,57.17
2457.06,56.84
2457.56,57.07
2458.06,57.25
2458.56,57.14
2459.06,57.12
2459.56,57.02
2460.06,57.14
2460.56,57.23
2461.06,56.97
2461.56,57.15
2462.06,57.19
2462.56,57.10
2463.06,57.09
2463.56,57.07
2464.06,57.15
2464.56,57.16
2465.06,57.03
2465.56,57.27
2466.06,57.10
2466.56,57.14
2467.06,57.17
2467.56,57.13
2468.06,56.92
2468.56,57.03
2469.06,57.18
2469.56,57.07
2470.06,57.23
2470.56,57.09
2471.06,57.07
2471.56,57.14
2472.06,57.07
2472.56,57.02
2473.06,57.14
2473.56,57.12
2474.06,56.98
2474.56,57.13
2475.06,57.12
2475.56,57.19
2476.06,57.13
2476.56,57.10
2477.06,56.98
2477.56,57.13
2478.06,57.11
2478.56,57.10
2479.06,57.09
2479.56,57.17
2480.06,57.18
2480.56,57.23
2481.06,57.11
2481.56,57.08
2482.06,57.17
2482.56,57.18
2483.06,57.26
2483.56,57.05
2484.06,57.17
2484.56,57.04
2485.06,57.20
2485.56,56.77
2486.06,57.15
2486.56,57.23
2487.06,57.08
2487.56,57.18
2488.06,57.14
2488.56,57.14
2489.06,57.19
2489.56,57.01
2490.06,57.22
2490.56,57.24
2491.06,57.11
2491.56,57.10
2492.06,57.30
2492.56,57.28
2493.06,57.15
2493.56,56.94
2494.06,57.12
2494.56,57.17
2495.06,57.10
2495.56,57.14
2496.06,57.17
2496.56,57.14
2497.06,57.19
2497.56,57.28
2498.06,57.08
2498.56,57.32
2499.06,57.16
2499.56,57.24
2500.06,57.10
2500.56,57.03
2501.06,57.09
2501.56,56.93
2502.06,57.04
2502.56,57.12
2503.06,57.04
2503.56,57.15
2504.06,57.15
2504.56,57.17
2505.06,57.14
2505.56,57.03
2506.06,57.12
2506.56,57.18
2507.06,57.14
2507.56,57.12
2508.06,57.03
2508.56,57.08
2509.06,57.07
2509.56,56.98
2510.06,57.18
2510.56,57.09
2511.06,57.36
2511.56,57.15
2512.06,57.11
2512.56,57.36
2513.06,56.92
2513.56,57.40
2514.06,57.21
2514.56,57.11
2515.06,57.17
2515.56,57.26
2516.06,57.19
2516.56,57.06
2517.06,57.10
2517.56,57.09
2518.06,57.15
2518.56,57.06
2519.06,57.13
2519.56,57.22
2520.06,56.93
2520.56,57.12
2521.06,57.08
2521.56,56.97
2522.06,57.08
2522.56,57.13
2523.06,56.92
2523.56,57.12
2524.06,57.17
2524.56,57.08
2525.06,56.99
2525.56,57.13
2526.06,56.98
2526.56,57.15
2527.06,57.18
2527.56,57.05
2528.06,57.12
2528.56,57.16
2529.06,57.19
2529.56,57.10
2530.06,56.97
2530.56,57.22
2531.06,57.22
2531.56,57.27
2532.06,57.18
2532.56,57.00
2533.06,57.08
2533.56,56.98
2534.06,57.13
2534.56,57.29
2535.06,57.14
2535.56,57.18
2536.06,57.15
2536.56,57.14
2537.06,57.35
2537.56,57.19
2538.06,57.12
2538.56,57.09
2539.06,57.22
2539.56,57.12
2540.06,57.59
2540.56,57.16
2541.06,57.26
2541.56,57.33
2542.06,57.13
2542.56,57.06
2543.06,57.12
2543.56,57.10
2544.06,57.26
2544.56,57.17
2545.06,56.99
2545.56,57.11
2546.06,57.01
2546.56,57.12
2547.06,57.21
2547.56,57.19
2548.06,57.26
2548.56,57.22
2549.06,56.99
2549.56,57.16
2550.06,57.15
2550.56,57.26
2551.06,57.16
2551.56,57.12
2552.06,57.25
2552.56,57.20
2553.06,57.11
2553.56,57.24
2554.06,57.22
2554.56,57.23
2555.06,57.37
2555.56,57.09
2556.06,57.27
2556.56,57.20
2557.06,57.17
2557.56,57.10
2558.06,57.31
2558.56,57.11
2559.06,57.05
2559.56,57.21
2560.06,57.11
2560.56,57.14
2561.06,57.04
2561.56,57.15
2562.06,57.03
2562.56,57.06
2563.06,57.19
2563.56,57.06
2564.06,57.06
2564.56,57.06
2565.06,57.01
2565.56,57.20
2566.06,57.08
2566.56,57.31
2567.06,56.88
2567.56,57.20
2568.06,57.09
2568.56,56.95
2569.06,57.09
2569.56,57.09
2570.06,57.14
2570.56,57.22
2571.06,56.96
2571.56,57.22
2572.06,57.22
2572.56,57.17
2573.06,57.24
2573.56,57.14
2574.06,57.07
2574.56,57.11
2575.06,57.21
2575.56,57.17
2576.06,57.21
2576.56,57.24
2577.06,57.13
2577.56,57.16
2578.06,57.26
2578.56,57.19
2579.06,57.31
2579.56,57.11
2580.06,57.09
2580.56,57.02
2581.06,57.44
2581.56,57.23
2582.06,57.18
2582.56,57.16
2583.06,57.07
2583.56,57.19
2584.06,57.10
2584.56,57.11
2585.06,57.05
2585.56,57.09
2586.06,57.13
2586.56,57.15
2587.06,56.76
2587.56,57.14
2588.07,57.19
2588.56,57.06
2589.06,57.02
2589.56,57.10
2590.07,57.19
2590.56,57.22
2591.06,57.24
2591.56,56.95
2592.06,57.05
2592.56,57.10
2593.06,57.12
2593.56,57.38
2594.06,57.18
2594.56,57.15
2595.06,57.12
2595.56,57.21
2596.06,57.09
2596.56,57.14
2597.06,57.11
2597.56,57.20
2598.06,57.05
2598.56,57.15
2599.06,57.10
2599.56,57.12
2600.06,57.26
2600.56,57.24
2601.06,57.03
2601.56,57.04
2602.06,57.20
2602.56,56.99
2603.06,57.14
2603.56,57.09
2604.06,57.10
2604.56,57.16
2605.06,57.07
2605.56,57.17
2606.06,57.13
2606.56,57.28
2607.06,57.21
2607.56,57.11
2608.06,57.03
2608.56,57.10
2609.06,57.05
2609.56,57.16
2610.06,57.04
2610.56,57.11
2611.06,57.07
2611.56,57.13
2612.06,57.11
2612.56,57.13
2613.06,57.13
2613.56,57.10
2614.06,57.21
2614.56,57.19
2615.06,57.16
2615.56,57.00
2616.06,57.17
2616.56,57.11
2617.06,57.15
2617.56,56.98
2618.06,57.19
2618.56,57.30
2619.06,57.22
2619.56,57.10
2620.06,57.22
2620.56,57.23
2621.06,57.05
2621.56,57.09
2622.06,57.11
2622.56,57.22
2623.06,57.14
2623.56,57.15
2624.06,57.01
2624.56,57.13
2625.06,57.30
2625.56,57.17
2626.06,57.02
2626.56,57.17
2627.06,57.26
2627.56,57.16
2628.06,57.16
2628.56,57.21
2629.06,57.18
2629.56,56.92
2630.06,57.17
2630.56,57.21
2631.06,57.44
2631.56,57.17
2632.06,57.19
2632.56,57.20
2633.06,57.09
2633.56,57.10
2634.06,57.19
2634.56,57.13
2635.06,57.21
2635.56,57.06
2636.06,57.26
2636.56,56.92
2637.06,57.28
2637.56,56.91
2638.06,57.06
2638.56,57.20
2639.06,57.12
2639.56,57.08
2640.06,57.33
2640.56,57.04
2641.06,57.08
2641.56,56.97
2642.06,57.23
2642.56,57.22
2643.06,56.81
2643.56,57.11
2644.06,57.12
2644.56,57.08
2645.06,57.20
2645.56,57.18
2646.06,57.23
2646.56,57.16
2647.06,56.98
2647.56,57.07
2648.06,57.28
2648.56,57.46
2649.06,57.33
2649.56,57.09
2650.06,57.12
2650.56,56.99
2651.06,57.35
2651.56,56.93
2652.06,57.06
2652.56,57.10
2653.06,57.20
2653.56,57.14
2654.06,57.14
2654.56,57.29
2655.06,57.04
2655.56,57.35
2656.06,57.41
2656.56,57.15
2657.06,57.16
2657.56,56.98
2658.06,57.05
2658.56,57.13
2659.06,57.18
2659.56,57.07
2660.06,57.14
2660.56,57.06
2661.06,57.10
2661.56,57.24
2662.06,56.88
2662.56,57.11
2663.06,57.14
2663.56,57.11
2664.06,57.00
2664.56,57.18
2665.06,57.09
2665.56,57.15
2666.06,57.19
2666.56,57.14
2667.06,57.29
2667.56,57.03
2668.06,57.12
2668.56,57.07
2669.06,57.25
2669.56,56.91
2670.06,57.19
2670.56,57.04
2671.06,57.17
2671.56,57.12
2672.06,56.91
2672.56,57.16
2673.06,57.17
2673.56,57.24
2674.06,57.04
2674.56,57.09
2675.06,57.17
2675.56,57.20
2676.06,57.22
2676.56,57.07
2677.06,56.92
2677.56,57.00
2678.06,57.03
2678.56,57.14
2679.06,57.06
2679.56,57.09
2680.06,57.16
2680.56,57.12
2681.06,57.32
2681.56,56.95
2682.06,57.09
2682.56,57.12
2683.06,57.11
2683.56,56.82
2684.06,57.17
2684.56,57.10
2685.06,56.98
2685.56,57.15
2686.06,57.11
2686.56,57.02
2687.06,57.02
2687.56,56.84
2688.06,57.09
2688.56,57.07
2689.06,57.09
2689.56,57.07
2690.06,56.98
2690.56,57.04
2691.06,57.07
2691.56,57.01
2692.06,57.01
2692.56,57.21
2693.06,56.96
2693.56,57.13
2694.06,56.92
2694.56,56.99
2695.06,57.07
2695.56,57.04
2696.06,57.07
2696.56,57.08
2697.06,57.03
2697.56,57.12
2698.06,57.11
2698.56,57.11
2699.06,57.00
2699.56,57.22
2700.06,57.06
2700.56,57.06
2701.06,57.12
2701.56,57.10
2702.06,56.84
2702.56,57.05
2703.06,57.19
2703.56,57.08
2704.06,57.12
2704.56,57.13
2705.06,57.02
2705.56,57.03
2706.06,57.08
2706.56,57.10
2707.06,57.10
2707.56,57.16
2708.06,57.16
2708.56,57.06
2709.06,57.09
2709.56,57.26
2710.06,57.12
2710.56,57.04
2711.06,57.01
2711.56,57.10
2712.06,57.10
2712.56,57.12
2713.06,57.14
2713.56,56.97
2714.06,57.14
2714.56,56.93
2715.06,57.13
2715.56,57.03
2716.06,57.19
2716.56,56.99
2717.06,57.20
2717.56,57.02
2718.06,57.06
2718.56,56.96
2719.06,57.07
2719.56,56.77
2720.06,57.12
2720.56,57.14
2721.06,56.86
2721.56,57.03
2722.06,57.13
2722.56,57.17
2723.06,57.11
2723.56,56.96
2724.06,56.94
2724.56,57.00
2725.06,57.06
2725.56,57.03
2726.06,56.99
2726.56,57.10
2727.06,56.98
2727.56,57.00
2728.06,57.15
2728.56,57.12
2729.06,57.02
2729.56,57.02
2730.06,57.09
2730.56,57.12
2731.06,57.03
2731.56,57.00
2732.06,56.94
2732.56,57.14
2733.06,57.03
2733.56,57.03
2734.06,57.08
2734.56,57.02
2735.06,56.91
2735.56,57.13
2736.06,57.05
2736.56,57.21
2737.06,57.00
2737.56,57.10
2738.06,57.20
2738.56,57.08
2739.06,57.16
2739.56,57.06
2740.06,57.17
2740.56,57.10
2741.06,57.08
2741.56,57.20
2742.06,57.14
2742.56,57.10
2743.06,56.91
2743.56,57.26
2744.06,57.02
2744.56,57.07
2745.06,57.02
2745.56,57.13
2746.06,57.04
2746.56,56.96
2747.06,56.94
2747.56,57.05
2748.06,56.98
2748.56,57.03
2749.06,57.21
2749.56,56.91
2750.06,57.03
2750.56,57.00
2751.06,56.93
2751.56,56.95
2752.06,57.02
2752.56,57.04
2753.06,57.16
2753.56,56.95
2754.06,57.02
2754.56,56.93
2755.06,57.08
2755.56,56.84
2756.06,57.14
2756.56,56.95
2757.06,57.22
2757.56,57.04
2758.06,57.00
2758.56,57.03
2759.06,57.07
2759.56,56.97
2760.06,57.00
2760.56,57.11
2761.06,56.95
2761.56,56.95
2762.06,57.04
2762.56,57.10
2763.06,57.03
2763.56,57.06
2764.06,57.04
2764.56,57.06
2765.06,57.20
2765.56,57.02
2766.06,57.11
2766.56,56.98
2767.06,56.99
2767.56,57.10
2768.06,56.94
2768.56,57.14
2769.06,56.98
2769.56,56.91
2770.06,57.04
2770.56,56.94
2771.06,57.07
2771.56,57.12
2772.06,57.12
2772.56,57.07
2773.06,57.03
2773.56,57.09
2774.06,56.97
2774.56,57.11
2775.06,57.09
2775.56,57.05
2776.06,57.09
2776.56,56.93
2777.06,56.93
2777.56,56.89
2778.06,56.92
2778.56,57.08
2779.06,56.98
2779.56,56.99
2780.06,57.07
2780.56,57.03
2781.06,57.00
2781.56,56.94
2782.06,57.05
2782.56,57.04
2783.06,57.01
2783.56,57.02
2784.06,57.06
2784.56,57.13
2785.06,57.07
2785.56,57.05
2786.06,57.04
2786.56,57.02
2787.06,57.14
2787.56,56.93
2788.06,57.11
2788.56,57.14
2789.06,57.22
2789.56,57.12
2790.06,56.93
2790.56,57.01
2791.06,57.06
2791.56,57.07
2792.06,56.98
2792.56,57.14
2793.06,56.95
2793.56,57.06
2794.06,56.93
2794.56,57.12
2795.06,56.96
2795.56,57.06
2796.06,56.99
2796.56,57.11
2797.06,56.98
2797.56,57.06
2798.06,57.12
2798.56,57.07
2799.06,57.02
2799.56,57.19
2800.06,57.02
2800.56,57.03
2801.06,57.10
2801.56,57.04
2802.06,57.05
2802.56,57.12
2803.06,57.14
2803.56,57.03
2804.06,56.65
2804.56,57.02
2805.06,57.05
2805.56,57.11
2806.06,57.03
2806.56,56.79
2807.06,56.97
2807.56,56.84
2808.06,57.13
2808.56,57.14
2809.06,56.99
2809.56,57.22
2810.06,57.01
2810.56,57.06
2811.06,56.86
2811.56,57.00
2812.06,57.04
2812.56,56.95
2813.06,56.95
2813.56,56.99
2814.06,57.07
2814.56,57.10
2815.06,57.13
2815.56,56.68
2816.06,57.02
2816.56,56.99
2817.06,56.99
2817.56,57.03
2818.06,57.15
2818.56,57.06
2819.06,57.11
2819.56,56.94
2820.06,56.98
2820.56,56.98
2821.06,57.03
2821.56,56.88
2822.06,56.87
2822.56,57.26
2823.06,57.11
2823.56,57.06
2824.06,57.05
2824.56,56.97
2825.06,57.11
2825.56,56.99
2826.06,57.08
2826.56,57.04
2827.06,57.04
2827.56,57.10
2828.06,57.04
2828.56,57.14
2829.06,56.92
2829.56,56.98
2830.06,57.00
2830.56,57.17
2831.06,57.10
2831.56,57.10
2832.06,57.09
2832.56,56.98
2833.06,56.93
2833.56,56.93
2834.06,57.04
2834.56,57.04
2835.06,57.10
2835.56,57.06
2836.06,57.07
2836.56,57.03
2837.06,57.06
2837.56,57.16
2838.06,57.07
2838.56,57.10
2839.06,56.96
2839.56,57.05
2840.06,56.97
2840.56,57.06
2841.06,57.05
2841.56,57.13
2842.06,56.97
2842.56,57.06
2843.06,57.02
2843.56,57.03
2844.06,56.92
2844.56,57.02
2845.06,57.08
2845.56,57.07
2846.06,56.90
2846.56,56.91
2847.06,57.10
2847.56,57.01
2848.06,56.95
2848.56,57.11
2849.06,57.12
2849.56,57.09
2850.06,57.11
2850.56,57.20
2851.06,57.09
2851.56,57.26
2852.06,57.22
2852.56,57.14
2853.06,57.09
2853.56,57.01
2854.06,57.08
2854.56,56.93
2855.06,57.06
2855.56,56.91
2856.06,57.09
2856.56,57.16
2857.06,57.07
2857.56,57.27
2858.06,57.12
2858.56,57.14
2859.06,56.93
2859.56,57.05
2860.06,57.16
2860.56,57.03
2861.06,57.10
2861.56,57.05
2862.06,56.95
2862.56,57.02
2863.06,57.23
2863.56,57.15
2864.06,56.98
2864.56,56.95
2865.06,56.88
2865.56,56.98
2866.06,57.11
2866.56,57.07
2867.06,57.15
2867.56,57.04
2868.06,57.30
2868.56,57.16
2869.06,56.98
2869.56,57.32
2870.06,57.21
2870.56,57.13
2871.06,57.13
2871.56,57.08
2872.06,56.96
2872.56,56.76
2873.06,57.02
2873.56,57.07
2874.06,57.11
2874.56,56.99
2875.06,56.96
2875.56,57.25
2876.06,57.02
2876.56,57.10
2877.06,57.06
2877.56,57.05
2878.06,57.42
2878.56,57.06
2879.06,57.02
2879.56,57.23
2880.06,57.07
2880.56,56.96
2881.06,57.13
2881.56,56.90
2882.06,57.09
2882.56,57.09
2883.06,57.22
2883.56,57.06
2884.06,57.06
2884.56,57.22
2885.06,57.08
2885.56,57.18
2886.06,57.17
2886.56,57.13
2887.06,57.15
2887.56,57.08
2888.06,57.16
2888.56,57.18
2889.06,57.00
2889.56,57.18
2890.06,57.09
2890.56,56.96
2891.06,57.21
2891.56,57.09
2892.06,57.13
2892.56,56.99
2893.06,57.10
2893.56,57.11
2894.06,57.02
2894.56,57.12
2895.06,56.90
2895.56,57.05
2896.06,57.04
2896.56,57.01
2897.06,57.05
2897.56,57.19
2898.06,57.10
2898.56,57.10
2899.06,57.03
2899.56,56.93
2900.06,56.97
2900.56,57.12
2901.06,56.94
2901.56,56.88
2902.06,56.96
2902.56,56.95
2903.06,56.99
2903.56,57.14
2904.06,57.09
2904.56,57.06
2905.06,56.98
2905.56,56.87
2906.06,57.02
2906.56,57.08
2907.06,57.09
2907.56,57.07
2908.06,57.10
2908.56,57.19
2909.06,57.21
2909.56,57.01
2910.06,57.08
2910.56,57.08
2911.06,57.06
2911.56,57.09
2912.06,57.22
2912.56,57.09
2913.06,57.07
2913.56,57.26
2914.06,57.04
2914.57,57.14
2915.06,57.00
2915.56,57.05
2916.06,56.89
2916.57,56.99
2917.06,57.08
2917.56,57.01
2918.06,56.88
2918.56,57.09
2919.06,56.97
2919.56,57.32
2920.06,57.11
2920.56,57.16
2921.06,57.07
2921.56,57.00
2922.06,57.21
2922.56,56.93
2923.06,56.92
2923.56,57.05
2924.06,57.09
2924.56,56.98
2925.06,57.10
2925.56,57.15
2926.06,57.10
2926.56,56.96
2927.06,57.13
2927.56,57.00
2928.06,57.07
2928.56,56.99
2929.06,57.01
2929.56,57.05
2930.06,56.87
2930.56,57.07
2931.06,57.19
2931.56,57.20
2932.06,57.03
2932.56,57.01
2933.06,57.08
2933.56,57.23
2934.06,57.01
2934.56,57.02
2935.06,57.02
2935.56,56.99
2936.06,57.10
2936.56,57.01
2937.06,57.25
2937.56,57.02
2938.06,56.93
2938.56,57.12
2939.06,57.11
2939.56,57.09
2940.06,57.11
2940.56,56.97
2941.06,57.10
2941.56,57.22
2942.06,57.06
2942.56,57.07
2943.06,56.95
2943.56,57.12
2944.06,57.20
2944.56,57.04
2945.06,56.98
2945.56,57.17
2946.06,57.11
2946.56,57.07
2947.06,56.98
2947.56,57.04
2948.06,56.97
2948.56,57.00
2949.06,57.10
2949.56,57.14
2950.06,57.02
2950.56,57.09
2951.06,56.87
2951.56,57.05
2952.06,57.14
2952.56,57.04
2953.06,57.04
2953.56,57.07
2954.06,57.01
2954.56,56.84
2955.06,57.02
2955.56,57.16
2956.06,57.10
2956.56,57.04
2957.06,56.88
2957.56,57.06
2958.06,57.04
2958.56,57.12
2959.06,57.04
2959.56,57.11
2960.06,57.11
2960.56,56.92
2961.06,57.01
2961.56,57.06
2962.06,57.03
2962.56,57.16
2963.06,56.81
2963.56,56.99
2964.06,57.14
2964.56,56.85
2965.06,57.09
2965.56,57.21
2966.06,57.11
2966.56,56.88
2967.06,57.01
2967.56,56.98
2968.06,57.09
2968.56,57.14
2969.06,57.14
2969.56,56.90
2970.06,56.91
2970.56,57.20
2971.06,57.04
2971.56,57.08
2972.06,57.08
2972.56,57.07
2973.06,57.01
2973.56,56.95
2974.06,56.97
2974.56,56.96
2975.06,57.02
2975.56,56.99
2976.06,57.09
2976.56,57.22
2977.06,56.94
2977.56,57.23
2978.06,56.99
2978.56,57.13
2979.06,57.01
2979.56,56.84
2980.06,57.00
2980.56,57.13
2981.06,57.17
2981.56,57.09
2982.06,56.99
2982.56,57.06
2983.06,57.12
2983.56,57.12
2984.06,57.02
2984.56,57.18
2985.06,56.99
2985.56,57.07
2986.06,57.10
2986.56,57.04
2987.06,57.08
2987.56,57.04
2988.06,57.01
2988.56,57.05
2989.06,57.05
2989.56,57.07
2990.06,57.23
2990.56,57.07
2991.06,57.01
2991.56,57.07
2992.06,57.02
2992.56,57.01
2993.06,57.02
2993.56,57.14
2994.06,56.99
2994.56,56.91
2995.06,56.96
2995.56,57.11
2996.06,56.98
2996.56,57.00
2997.06,57.11
2997.56,57.04
2998.06,57.02
2998.56,57.06
2999.06,56.97
2999.56,57.10
3000.06,57.06
3000.56,57.11
3001.06,57.01
3001.56,57.00
3002.06,57.15
3002.56,56.98
3003.06,57.06
3003.56,57.01
3004.06,56.95
3004.56,56.94
3005.06,57.07
3005.56,57.14
3006.06,56.96
3006.56,56.93
3007.06,56.89
3007.56,57.02
3008.06,57.02
3008.56,57.01
3009.06,57.08
3009.56,57.02
3010.06,57.00
3010.56,56.68
3011.06,57.04
3011.56,57.10
3012.06,56.97
3012.56,56.96
3013.06,57.04
3013.56,56.99
3014.06,57.15
3014.56,57.04
3015.06,57.10
3015.56,56.99
3016.06,57.02
3016.56,57.04
3017.06,57.04
3017.56,57.07
3018.06,57.05
3018.56,57.05
3019.06,57.14
3019.56,57.02
3020.06,57.22
3020.56,57.04
3021.06,57.06
3021.56,57.06
3022.06,57.11
3022.56,57.00
3023.06,57.05
3023.56,57.11
3024.06,57.14
3024.56,57.18
3025.06,57.15
3025.56,57.10
3026.06,56.82
3026.56,56.93
3027.06,57.08
3027.56,56.95
3028.06,56.88
3028.56,57.05
3029.06,57.05
3029.56,57.02
3030.06,56.98
3030.56,56.92
3031.06,57.01
3031.56,57.21
3032.06,56.94
3032.56,57.19
3033.06,57.04
3033.56,57.16
3034.06,57.06
3034.56,57.03
3035.06,57.16
3035.56,57.01
3036.06,56.99
3036.56,57.06
3037.06,57.04
3037.56,57.00
3038.06,56.98
3038.56,57.03
3039.06,57.05
3039.56,57.23
3040.06,57.03
3040.56,57.14
3041.06,56.97
3041.56,56.98
3042.06,57.03
3042.56,57.15
3043.06,56.94
3043.56,57.06
3044.06,57.06
3044.56,57.11
3045.06,57.18
3045.56,56.99
3046.06,56.78
3046.56,57.22
3047.06,56.97
3047.56,57.03
3048.06,56.95
3048.56,56.91
3049.06,56.90
3049.56,56.92
3050.06,56.86
3050.56,56.95
3051.06,57.01
3051.56,56.98
3052.06,56.90
3052.56,56.86
3053.06,57.03
3053.56,57.12
3054.06,56.96
3054.56,57.02
3055.06,56.88
3055.56,56.98
3056.06,57.00
3056.56,56.94
3057.06,57.02
3057.56,56.90
3058.06,56.94
3058.56,56.98
3059.06,57.00
3059.56,56.98
3060.06,57.00
3060.56,56.95
3061.06,56.99
3061.56,57.16
3062.06,56.91
3062.56,56.80
3063.06,57.02
3063.56,56.97
3064.06,56.96
3064.56,56.85
3065.06,56.75
3065.56,56.85
3066.06,57.11
3066.56,57.01
3067.06,57.00
3067.56,57.07
3068.06,56.92
3068.56,56.69
3069.06,57.10
3069.56,57.02
3070.06,57.12
3070.56,57.00
3071.06,57.05
3071.56,57.06
3072.06,57.19
3072.56,56.94
3073.06,56.94
3073.56,56.97
3074.06,56.94
3074.56,56.93
3075.06,56.98
3075.56,56.85
3076.06,57.15
3076.56,56.96
3077.06,57.05
3077.56,57.00
3078.06,57.02
3078.56,57.05
3079.06,57.02
3079.56,57.05
3080.06,56.99
3080.56,56.97
3081.06,56.75
3081.56,56.99
3082.06,56.97
3082.56,56.99
3083.06,56.86
3083.56,56.86
3084.06,57.02
3084.56,56.92
3085.06,57.01
3085.56,56.82
3086.06,56.98
3086.56,57.05
3087.06,57.00
3087.56,57.04
3088.06,56.86
3088.56,56.78
3089.06,56.88
3089.56,56.94
3090.06,56.87
3090.56,57.05
3091.06,56.96
3091.56,57.00
3092.06,57.02
3092.56,56.96
3093.06,56.88
3093.56,56.96
3094.06,57.02
3094.56,57.09
3095.06,56.86
3095.56,56.98
3096.06,56.87
3096.56,56.93
3097.06,56.94
3097.56,56.97
3098.06,57.10
3098.56,57.03
3099.06,57.05
3099.56,56.89
3100.06,56.97
3100.56,57.01
3101.06,56.99
3101.56,56.92
3102.06,57.06
3102.56,56.91
3103.06,57.25
3103.56,57.08
3104.06,56.99
3104.56,56.95
3105.06,56.95
3105.56,57.02
3106.06,57.03
3106.56,56.94
3107.06,56.93
3107.56,56.97
3108.06,56.90
3108.56,56.99
3109.06,57.05
3109.56,56.97
3110.06,56.80
3110.56,57.02
3111.06,56.92
3111.56,57.05
3112.06,56.84
3112.56,56.93
3113.06,56.95
3113.56,57.01
3114.06,57.02
3114.56,56.99
3115.06,57.22
3115.56,57.00
3116.06,57.03
3116.56,56.81
3117.06,57.02
3117.56,57.03
3118.06,56.96
3118.56,57.00
3119.06,56.88
3119.56,56.97
3120.06,56.99
3120.56,56.94
3121.06,56.93
3121.56,56.92
3122.06,56.94
3122.56,56.94
3123.06,56.96
3123.56,56.90
3124.06,56.76
3124.56,56.96
3125.06,56.98
3125.56,56.85
3126.06,56.86
3126.56,57.11
3127.06,56.93
3127.56,56.84
3128.06,57.03
3128.56,57.01
3129.06,56.92
3129.56,56.85
3130.06,56.87
3130.56,56.98
3131.06,57.00
3131.56,56.85
3132.06,56.92
3132.56,56.97
3133.06,56.94
3133.56,56.92
3134.06,56.99
3134.56,56.95
3135.06,57.00
3135.56,56.92
3136.06,56.93
3136.56,56.99
3137.06,56.97
3137.56,56.96
3138.06,57.01
3138.56,57.05
3139.06,56.99
3139.56,57.10
3140.06,56.97
3140.56,57.20
3141.06,56.97
3141.56,57.03
3142.06,56.99
3142.56,57.01
3143.06,57.09
3143.56,56.92
3144.06,56.92
3144.56,57.07
3145.06,57.03
3145.56,56.90
3146.06,56.93
3146.56,56.99
3147.06,57.07
3147.56,57.05
3148.06,57.01
3148.56,56.65
3149.06,57.29
3149.56,57.20
3150.06,56.92
3150.56,56.95
3151.06,56.97
3151.56,57.00
3152.06,57.05
3152.56,57.03
3153.06,56.85
3153.56,57.01
3154.06,56.89
3154.56,56.97
3155.06,57.02
3155.56,56.98
3156.06,57.02
3156.56,56.98
3157.06,57.25
3157.56,56.95
3158.06,56.92
3158.56,56.99
3159.06,56.95
3159.56,57.00
3160.06,56.73
3160.56,56.95
3161.06,57.00
3161.56,56.92
3162.06,57.05
3162.56,56.89
3163.06,56.99
3163.56,57.11
3164.06,56.93
3164.56,56.79
3165.06,57.03
3165.56,56.86
3166.06,56.85
3166.56,57.02
3167.06,56.84
3167.56,56.86
3168.06,57.03
3168.56,56.90
3169.06,56.93
3169.56,56.82
3170.06,56.99
3170.56,56.94
3171.06,56.90
3171.56,57.00
3172.06,56.89
3172.56,56.96
3173.06,56.82
3173.56,56.87
3174.06,56.88
3174.56,57.03
3175.06,57.04
3175.56,56.91
3176.06,56.83
3176.56,57.05
3177.06,57.10
3177.56,57.11
3178.06,57.12
3178.56,56.77
3179.06,57.01
3179.56,56.93
3180.06,56.86
3180.56,56.97
3181.06,56.95
3181.56,56.91
3182.06,56.94
3182.56,56.99
3183.06,56.97
3183.56,56.95
3184.06,56.93
3184.56,57.00
3185.06,56.84
3185.56,57.10
3186.06,56.94
3186.56,56.94
3187.06,56.94
3187.56,56.91
3188.06,56.93
3188.56,56.96
3189.06,56.91
3189.56,56.61
3190.06,57.13
3190.56,56.93
3191.06,56.96
3191.56,57.05
3192.06,56.92
3192.56,56.96
3193.06,57.00
3193.56,56.82
3194.06,57.10
3194.56,56.71
3195.06,56.86
3195.56,56.93
3196.06,56.89
3196.56,56.93
3197.06,56.86
3197.56,56.84
3198.06,56.86
3198.56,57.00
3199.06,56.93
3199.56,57.03
3200.06,56.94
3200.56,56.90
3201.06,56.76
3201.56,56.97
3202.06,56.90
3202.56,56.75
3203.06,56.96
3203.56,56.91
3204.06,56.99
3204.56,56.68
3205.06,56.86
3205.56,57.03
3206.06,56.99
3206.56,56.94
3207.06,57.46
3207.56,56.80
3208.06,56.90
3208.56,56.97
3209.06,56.69
3209.56,57.12
3210.06,57.05
3210.56,56.96
3211.06,56.95
3211.56,56.99
3212.06,56.94
3212.56,56.97
3213.06,56.95
3213.56,56.95
3214.06,56.97
3214.56,57.10
3215.06,56.83
3215.56,56.94
3216.06,56.93
3216.56,56.88
3217.06,56.93
3217.56,56.88
3218.06,56.97
3218.56,56.95
3219.06,56.95
3219.56,56.78
3220.06,56.96
3220.56,56.94
3221.06,56.83
3221.56,56.94
3222.06,56.80
3222.56,57.12
3223.06,56.95
3223.56,56.76
3224.06,56.81
3224.56,56.88
3225.06,56.71
3225.56,56.95
3226.06,56.74
3226.56,57.10
3227.06,57.04
3227.56,56.96
3228.06,56.99
3228.56,57.06
3229.06,56.83
3229.56,56.94
3230.06,57.01
3230.56,57.08
3231.06,56.92
3231.56,56.92
3232.06,56.95
3232.56,56.85
3233.06,56.88
3233.56,56.98
3234.06,56.92
3234.56,56.88
3235.06,56.93
3235.56,56.94
3236.06,57.07
3236.56,57.05
3237.06,56.75
3237.56,56.98
3238.06,57.18
3238.56,56.93
3239.07,57.02
3239.56,56.92
3240.06,57.07
3240.56,56.87
3241.07,56.94
3241.56,56.88
3242.06,56.95
3242.56,57.02
3243.07,56.86
3243.56,57.04
3244.06,57.20
3244.56,56.98
3245.06,57.02
3245.56,56.89
3246.06,56.75
3246.56,56.75
3247.06,56.87
3247.56,57.05
3248.06,56.80
3248.56,57.03
3249.06,56.88
3249.56,56.93
3250.06,57.04
3250.56,56.97
3251.06,56.95
3251.56,56.90
3252.06,56.98
3252.56,56.90
3253.06,56.91
3253.56,57.06
3254.06,56.95
3254.56,56.85
3255.06,56.87
3255.56,56.91
3256.06,56.77
3256.56,56.89
3257.06,57.13
3257.56,56.98
3258.06,56.93
3258.56,56.99
3259.06,57.14
3259.56,56.84
3260.06,56.89
3260.56,56.99
3261.06,56.96
3261.56,57.00
3262.06,56.94
3262.56,56.90
3263.06,57.01
3263.56,56.88
3264.06,56.97
3264.56,56.85
3265.06,56.88
3265.56,56.94
3266.06,57.15
3266.56,56.87
3267.06,56.71
3267.56,56.91
3268.06,57.05
3268.56,56.82
3269.06,56.87
3269.56,57.03
3270.06,57.03
3270.56,56.67
3271.06,56.92
3271.56,57.02
3272.06,57.04
3272.56,56.90
3273.06,57.03
3273.56,57.07
3274.06,56.91
3274.56,56.91
3275.06,56.90
3275.56,56.93
3276.06,57.01
3276.56,56.83
3277.06,56.82
3277.56,56.94
3278.06,56.83
3278.56,56.99
3279.06,56.82
3279.56,56.96
3280.06,57.07
3280.56,56.93
3281.06,56.76
3281.56,56.89
3282.06,56.80
3282.56,56.86
3283.06,56.63
3283.56,56.84
3284.06,56.91
3284.56,56.93
3285.06,56.97
3285.56,56.87
3286.06,56.94
3286.56,56.86
3287.06,56.98
3287.56,56.92
3288.06,56.81
3288.56,56.83
3289.06,56.99
3289.56,56.65
3290.06,56.86
3290.56,56.90
3291.06,56.89
3291.56,56.94
3292.06,57.07
3292.56,56.91
3293.06,56.97
3293.56,57.03
3294.06,56.89
3294.56,56.68
3295.06,56.97
3295.56,56.83
3296.06,56.85
3296.56,56.92
3297.06,57.03
3297.56,56.74
3298.06,56.90
3298.56,56.88
3299.06,56.81
3299.56,56.87
3300.06,57.00
3300.56,56.88
3301.06,56.79
3301.56,56.95
3302.06,56.97
3302.56,56.84
3303.06,57.07
3303.56,56.84
3304.06,57.07
3304.56,56.84
3305.06,56.96
3305.56,56.89
3306.06,56.58
3306.56,56.75
3307.06,57.02
3307.56,57.00
3308.06,57.00
3308.56,57.08
3309.06,56.98
3309.56,56.99
3310.06,57.00
3310.56,57.05
3311.06,56.77
3311.56,56.92
3312.06,56.93
3312.56,56.96
3313.06,56.90
3313.56,56.94
3314.06,56.91
3314.56,57.12
3315.06,57.01
3315.56,57.04
3316.06,57.00
3316.56,56.87
3317.06,56.86
3317.56,57.08
3318.06,56.90
3318.56,56.78
3319.06,57.01
3319.56,57.16
3320.06,56.88
3320.56,57.02
3321.06,56.89
3321.56,56.75
3322.06,56.90
3322.56,56.93
3323.06,56.87
3323.56,56.88
3324.06,56.98
3324.56,56.97
3325.06,56.96
3325.56,56.98
3326.06,57.08
3326.56,56.86
3327.06,57.11
3327.56,57.02
3328.06,57.02
3328.56,57.16
3329.06,56.97
3329.56,56.99
3330.06,56.79
3330.56,56.93
3331.06,56.87
3331.56,57.00
3332.06,56.95
3332.56,56.97
3333.06,56.95
3333.56,57.09
3334.06,56.74
3334.56,56.82
3335.06,56.91
3335.56,57.07
3336.06,56.94
3336.56,56.85
3337.06,57.02
3337.56,56.60
3338.06,56.85
3338.56,57.04
3339.06,56.98
3339.56,56.99
3340.06,56.95
3340.56,56.92
3341.06,57.04
3341.56,56.87
3342.06,57.01
3342.56,57.00
3343.06,57.05
3343.56,56.89
3344.06,56.81
3344.56,56.88
3345.06,57.02
3345.56,56.89
3346.06,57.03
3346.56,56.96
3347.06,56.93
3347.56,56.91
3348.06,57.02
3348.56,56.86
3349.06,56.91
3349.56,56.88
3350.06,57.00
3350.56,56.94
3351.06,56.93
3351.56,56.92
3352.06,57.08
3352.56,56.96
3353.06,57.06
3353.56,57.07
3354.06,56.88
3354.56,56.86
3355.06,57.00
3355.56,57.07
3356.06,56.67
3356.56,57.15
3357.06,56.90
3357.56,56.87
3358.06,57.04
3358.56,56.78
3359.06,57.12
3359.56,56.98
3360.06,57.07
3360.56,57.00
3361.06,56.81
3361.56,56.83
3362.06,56.93
3362.56,57.03
3363.06,56.89
3363.56,56.96
3364.06,56.91
3364.56,56.87
3365.06,57.00
3365.56,57.06
3366.06,57.14
3366.56,57.11
3367.06,56.93
3367.56,57.01
3368.06,56.95
3368.56,56.68
3369.06,57.03
3369.56,57.02
3370.06,57.04
3370.56,56.81
3371.06,56.91
3371.56,56.94
3372.06,56.86
3372.56,56.81
3373.06,56.97
3373.56,56.86
3374.06,57.02
3374.56,56.84
3375.06,56.95
3375.56,56.86
3376.06,56.98
3376.56,56.98
3377.06,56.89
3377.56,56.99
3378.06,56.86
3378.56,57.00
3379.06,56.98
3379.56,57.04
3380.06,56.79
3380.56,57.00
3381.06,56.91
3381.56,56.99
3382.06,56.99
3382.56,56.98
3383.06,56.93
3383.56,56.98
3384.06,56.91
3384.56,57.02
3385.06,57.03
3385.56,56.90
3386.06,56.91
3386.56,56.85
3387.06,56.93
3387.56,56.94
3388.06,56.71
3388.56,56.92
3389.06,57.09
3389.56,56.86
3390.06,56.88
3390.56,56.77
3391.06,56.98
3391.56,57.05
3392.06,57.08
3392.56,57.01
3393.06,57.08
3393.56,56.89
3394.06,57.05
3394.56,57.02
3395.06,56.98
3395.56,57.09
3396.06,56.96
3396.56,56.96
3397.06,57.17
3397.56,56.96
3398.06,56.80
3398.56,56.76
3399.06,56.99
3399.56,56.75
3400.06,56.85
3400.56,57.11
3401.06,56.91
3401.56,56.87
3402.06,57.12
3402.56,56.88
3403.06,56.76
3403.56,56.87
3404.06,56.90
3404.56,56.88
3405.06,56.85
3405.56,57.06
3406.06,57.14
3406.56,56.94
3407.06,56.99
3407.56,57.16
3408.06,56.78
3408.56,56.92
3409.06,57.23
3409.56,56.82
3410.06,57.00
3410.56,56.93
3411.06,56.94
3411.56,57.07
3412.06,56.94
3412.56,56.99
3413.06,57.07
3413.56,56.96
3414.06,57.10
3414.56,57.20
3415.06,57.03
3415.56,56.89
3416.06,56.86
3416.56,56.90
3417.06,56.91
3417.56,56.94
3418.06,56.91
3418.56,56.79
3419.06,56.84
3419.56,56.89
3420.06,57.02
3420.56,56.88
3421.06,56.97
3421.56,57.06
3422.06,56.97
3422.56,56.89
3423.06,56.82
3423.56,56.97
3424.06,56.91
3424.56,57.01
3425.06,56.90
3425.56,56.93
3426.06,56.94
3426.56,56.93
3427.06,56.98
3427.56,56.87
3428.06,56.94
3428.56,56.98
3429.06,57.00
3429.56,56.95
3430.06,56.85
3430.56,57.03
3431.06,57.03
3431.56,56.81
3432.06,56.91
3432.56,57.03
3433.06,56.96
3433.56,56.94
3434.06,57.00
3434.56,56.82
3435.06,56.88
3435.56,57.02
3436.06,56.97
3436.56,56.95
3437.06,57.03
3437.56,56.95
3438.06,56.95
3438.56,56.79
3439.06,56.94
3439.56,57.29
3440.06,57.02
3440.56,56.95
3441.06,57.04
3441.56,57.02
3442.06,56.86
3442.56,56.92
3443.06,56.82
3443.56,57.02
3444.06,56.91
3444.56,56.92
3445.06,56.96
3445.56,56.91
3446.06,57.02
3446.56,57.15
3447.06,56.93
3447.56,56.77
3448.06,56.98
3448.56,57.11
3449.06,57.14
3449.56,56.90
3450.06,56.98
3450.56,57.07
3451.06,56.94
3451.56,56.82
3452.06,56.98
3452.56,57.02
3453.06,56.93
3453.56,56.98
3454.06,56.99
3454.56,57.07
3455.06,56.87
3455.56,56.94
3456.06,57.09
3456.56,56.75
3457.06,57.02
3457.56,56.85
3458.06,56.89
3458.56,56.87
3459.06,57.00
3459.56,56.97
3460.06,56.95
3460.56,56.92
3461.06,56.81
3461.56,57.04
3462.06,56.77
3462.56,57.04
3463.06,56.94
3463.56,56.91
3464.06,56.79
3464.56,57.18
3465.06,57.04
3465.56,56.88
3466.06,57.14
3466.56,56.84
3467.06,57.05
3467.56,56.89
3468.06,56.95
3468.56,56.98
3469.06,56.94
3469.56,56.90
3470.06,57.11
3470.56,56.98
3471.06,56.91
3471.56,56.96
3472.06,56.87
3472.56,56.91
3473.06,56.74
3473.56,56.99
3474.06,57.02
3474.56,57.00
3475.06,57.00
3475.56,56.96
3476.06,57.09
3476.56,56.85
3477.06,56.96
3477.56,56.99
3478.06,56.88
3478.56,56.94
3479.06,57.00
3479.56,57.03
3480.06,56.86
3480.56,56.92
3481.06,57.04
3481.56,57.00
3482.06,56.86
3482.56,56.88
3483.06,57.17
3483.56,57.15
3484.06,56.91
3484.56,56.91
3485.06,56.83
3485.56,56.91
3486.06,56.93
3486.56,56.96
3487.06,57.00
3487.56,57.09
3488.06,56.98
3488.56,56.84
3489.06,56.85
3489.56,57.04
3490.06,56.99
3490.56,56.95
3491.06,56.93
3491.56,57.09
3492.06,56.98
3492.56,57.02
3493.06,56.95
3493.56,56.79
3494.06,56.81
3494.56,56.83
3495.06,57.08
3495.56,57.02
3496.06,56.98
3496.56,57.07
3497.06,57.00
3497.56,56.87
3498.06,56.97
3498.56,56.98
3499.06,56.88
3499.56,56.94
3500.06,56.94
3500.56,56.90
3501.06,57.00
3501.56,57.11
3502.06,56.83
3502.56,57.03
3503.06,57.06
3503.56,57.02
3504.06,57.04
3504.56,56.97
3505.06,57.05
3505.56,56.86
3506.06,56.98
3506.56,57.02
3507.06,56.98
3507.56,56.94
3508.06,56.99
3508.56,56.96
3509.06,56.92
3509.56,56.93
3510.06,56.99
3510.56,57.04
3511.06,56.96
3511.56,56.92
3512.06,57.01
3512.56,56.93
3513.06,56.91
3513.56,56.94
3514.06,56.92
3514.56,56.94
3515.06,57.02
3515.56,56.99
3516.06,56.84
3516.56,57.01
3517.06,56.96
3517.56,56.88
3518.06,57.10
3518.56,56.83
3519.06,57.02
3519.56,56.80
3520.06,56.91
3520.56,57.14
3521.06,57.01
3521.56,56.97
3522.06,56.99
3522.56,57.00
3523.06,57.01
3523.56,57.07
3524.06,56.84
3524.56,56.90
3525.06,56.94
3525.56,56.97
3526.06,56.89
3526.56,56.98
3527.06,56.98
3527.56,56.74
3528.06,56.72
3528.56,56.95
3529.06,56.98
3529.56,56.96
3530.06,56.90
3530.56,56.91
3531.06,56.82
3531.56,56.89
3532.06,56.89
3532.56,56.82
3533.06,56.97
3533.56,56.87
3534.06,56.86
3534.56,56.70
3535.06,57.00
3535.56,56.83
3536.06,56.89
3536.56,56.85
3537.06,56.93
3537.56,56.85
3538.06,56.84
3538.56,56.96
3539.06,56.77
3539.56,56.80
3540.06,57.05
3540.56,56.97
3541.06,56.93
3541.56,56.92
3542.06,56.80
3542.56,56.91
3543.06,56.76
3543.56,56.91
3544.06,56.96
3544.56,56.75
3545.06,56.91
3545.56,56.86
3546.06,56.96
3546.56,56.83
3547.06,57.03
3547.56,56.93
3548.06,56.83
3548.56,56.88
3549.06,56.81
3549.56,56.88
3550.06,56.88
3550.56,56.64
3551.06,56.85
3551.56,56.92
3552.06,56.73
3552.56,56.91
3553.06,56.85
3553.56,56.69
3554.06,56.88
3554.56,56.91
3555.06,56.78
3555.56,56.87
3556.06,56.90
3556.56,56.86
3557.06,56.81
3557.56,56.74
3558.06,56.69
3558.56,56.76
3559.06,56.70
3559.57,56.93
3560.06,56.82
3560.56,56.57
3561.06,56.84
3561.57,56.89
3562.06,56.83
3562.56,56.90
3563.06,56.76
3563.56,56.84
3564.06,56.98
3564.56,56.98
3565.06,56.93
3565.56,56.81
3566.06,56.80
3566.56,56.69
3567.06,56.90
3567.56,56.88
3568.06,56.95
3568.56,56.82
3569.06,56.82
3569.56,56.97
3570.06,56.70
3570.56,56.79
3571.06,56.74
3571.56,56.71
3572.06,56.76
3572.56,56.86
3573.06,56.67
3573.56,56.72
3574.06,56.67
3574.56,56.55
3575.06,56.72
3575.56,56.84
3576.06,56.61
3576.56,56.70
3577.06,56.63
3577.56,57.05
3578.06,56.91
3578.56,56.82
3579.06,56.91
3579.56,56.50
3580.06,56.82
3580.56,56.78
3581.06,56.88
3581.56,56.76
3582.06,56.66
3582.56,56.71
3583.06,56.74
3583.56,56.74
3584.06,56.80
3584.56,56.70
3585.06,56.81
3585.56,56.81
3586.06,56.87
3586.56,56.71
3587.06,56.84
3587.56,56.61
3588.06,56.68
3588.56,56.69
3589.06,56.81
3589.56,56.45
3590.06,56.63
3590.56,56.66
3591.06,56.60
3591.56,56.68
3592.06,56.91
3592.56,56.74
3593.06,56.58
3593.56,56.71
3594.06,56.73
3594.56,56.70
3595.06,56.63
3595.56,56.76
3596.06,56.71
3596.56,56.57
3597.06,56.89
3597.56,56.60
3598.06,56.37
3598.56,56.59
3599.06,56.58
3599.56,56.63
3600.06,56.72
3600.56,56.79
3601.06,56.59
3601.56,56.62
3602.06,56.64
3602.56,56.65
3603.06,56.66
3603.56,56.67
3604.06,56.62
3604.56,56.63
3605.06,56.55
3605.56,56.77
3606.06,56.69
3606.56,56.50
3607.06,56.62
3607.56,56.61
3608.06,56.59
3608.56,56.59
3609.06,56.57
3609.56,56.42
3610.06,56.58
3610.56,56.45
3611.06,56.76
3611.56,56.88
3612.06,56.47
3612.56,56.95
3613.06,56.62
3613.56,56.61
3614.06,56.53
3614.56,56.48
3615.06,56.58
3615.56,56.56
3616.06,56.68
3616.56,56.50
3617.06,56.50
3617.56,56.52
3618.06,56.69
3618.56,56.52
3619.06,56.51
3619.56,56.49
3620.06,56.56
3620.56,56.56
3621.06,56.63
3621.56,56.43
3622.06,56.62
3622.56,56.52
3623.06,56.46
3623.56,56.55
3624.06,56.47
3624.56,56.82
3625.06,56.74
3625.56,56.60
3626.06,56.69
3626.56,56.52
3627.06,56.69
3627.56,56.70
3628.06,56.63
3628.56,56.41
3629.06,56.64
3629.56,56.65
3630.06,56.62
3630.56,56.68
3631.06,56.65
3631.56,56.76
3632.06,56.54
3632.56,56.71
3633.06,56.62
3633.56,56.86
3634.06,56.50
3634.56,56.61
3635.06,56.56
3635.56,56.58
3636.06,56.51
3636.56,56.53
3637.06,56.63
3637.56,56.77
3638.06,56.47
3638.56,56.47
3639.06,56.61
3639.56,56.71
3640.06,56.58
3640.56,56.61
3641.06,56.52
3641.56,56.44
3642.06,56.58
3642.56,56.63
3643.06,56.57
3643.56,56.56
3644.06,56.60
3644.56,56.61
3645.06,56.63
3645.56,56.46
3646.06,56.63
3646.56,56.56
3647.06,56.72
3647.56,56.54
3648.06,56.33
3648.56,56.69
3649.06,56.49
3649.56,56.57
3650.06,56.56
3650.56,56.65
3651.06,56.39
3651.56,56.59
3652.06,56.38
3652.56,56.58
3653.06,56.51
3653.56,56.49
3654.06,56.26
3654.56,56.68
3655.06,56.42
3655.56,56.55
3656.06,56.63
3656.56,56.84
3657.06,56.68
3657.56,56.59
3658.06,56.45
3658.56,56.64
3659.06,56.75
3659.56,56.57
3660.06,56.50
3660.56,56.44
3661.06,56.58
3661.56,56.47
3662.06,56.44
3662.56,56.54
3663.06,56.49
3663.56,56.49
3664.06,56.49
3664.56,56.57
3665.06,56.49
3665.56,56.66
3666.06,56.45
3666.56,56.50
3667.06,56.51
3667.56,56.49
3668.06,56.50
3668.56,56.45
3669.06,56.45
3669.56,56.48
3670.06,56.52
3670.56,56.34
3671.06,56.64
3671.56,56.54
3672.06,56.36
3672.56,56.66
3673.06,56.63
3673.56,56.61
3674.06,56.34
3674.56,56.77
3675.06,56.67
3675.56,56.55
3676.06,56.36
3676.56,56.53
3677.06,56.46
3677.56,56.66
3678.06,56.44
3678.56,56.52
3679.06,56.56
3679.56,56.69
3680.06,56.42
3680.56,56.41
3681.06,56.34
3681.56,56.63
3682.06,56.67
3682.56,56.42
3683.06,56.46
3683.56,56.54
3684.06,56.55
3684.56,56.39
3685.06,56.55
3685.56,56.52
3686.06,56.34
3686.56,56.37
3687.06,56.32
3687.56,56.47
3688.06,56.36
3688.56,56.31
3689.06,56.53
3689.56,56.77
3690.06,56.35
3690.56,56.71
3691.06,56.36
3691.56,56.48
3692.06,56.44
3692.56,56.48
3693.06,56.48
3693.56,56.42
3694.06,56.46
3694.56,56.30
3695.06,56.39
3695.56,56.32
3696.06,56.39
3696.56,56.43
3697.06,56.48
3697.56,56.51
3698.06,56.46
3698.56,56.39
3699.06,56.43
3699.56,56.52
3700.06,56.35
3700.56,56.56
3701.06,56.31
3701.56,56.39
3702.06,56.34
3702.56,56.35
3703.06,56.33
3703.56,56.35
3704.06,56.38
3704.56,56.40
3705.06,56.48
3705.56,56.60
3706.06,56.29
3706.56,56.49
3707.06,56.47
3707.56,56.43
3708.06,56.13
3708.56,56.30
3709.06,56.44
3709.56,56.17
3710.06,56.41
3710.56,56.50
3711.06,56.37
3711.56,56.44
3712.06,56.36
3712.56,56.27
3713.06,56.43
3713.56,56.45
3714.06,56.28
3714.56,56.36
3715.06,56.38
3715.56,56.33
3716.06,56.69
3716.56,56.34
3717.06,56.35
3717.56,56.40
3718.06,56.40
3718.56,56.35
3719.06,56.17
3719.56,56.46
3720.06,56.40
3720.56,56.33
3721.06,56.38
3721.56,56.41
3722.06,56.42
3722.56,56.38
3723.06,56.45
3723.56,56.31
3724.06,56.51
3724.56,56.03
3725.06,56.39
3725.56,56.34
3726.06,56.32
3726.56,56.23
3727.06,56.29
3727.56,56.40
3728.06,56.44
3728.56,56.40
3729.06,56.35
3729.56,56.31
3730.06,56.29
3730.56,56.32
3731.06,56.39
3731.56,56.31
3732.06,56.38
3732.56,56.41
3733.06,56.39
3733.56,56.29
3734.06,56.08
3734.56,56.41
3735.06,56.29
3735.56,56.43
3736.06,56.56
3736.56,56.38
3737.06,56.25
3737.56,56.30
3738.06,56.29
3738.56,56.36
3739.06,56.34
3739.56,56.33
3740.06,56.36
3740.56,56.17
3741.06,56.45
3741.56,56.43
3742.06,56.28
3742.56,56.38
3743.06,56.27
3743.56,56.43
3744.06,56.34
3744.56,56.26
3745.06,56.45
3745.56,56.33
3746.06,56.31
3746.56,56.34
3747.06,56.28
3747.56,56.16
3748.06,56.38
3748.56,56.45
3749.06,56.53
3749.56,56.17
3750.06,56.38
3750.56,56.20
3751.06,56.43
3751.56,56.23
3752.06,56.17
3752.56,56.36
3753.06,56.34
3753.56,56.28
3754.06,56.47
3754.56,56.27
3755.06,56.18
3755.56,56.46
3756.06,56.47
3756.56,56.44
3757.06,56.26
3757.56,56.27
3758.06,56.47
3758.56,56.22
3759.06,56.20
3759.56,56.31
3760.06,56.25
3760.56,56.30
3761.06,56.23
3761.56,56.21
3762.06,56.34
3762.56,56.26
3763.06,56.16
3763.56,56.50
3764.06,56.17
3764.56,56.32
3765.06,56.24
3765.56,56.27
3766.06,56.26
3766.56,56.41
3767.06,56.09
3767.56,56.06
3768.06,56.38
3768.56,56.23
3769.06,56.34
3769.56,56.21
3770.06,56.37
3770.56,56.34
3771.06,56.39
3771.56,56.09
3772.06,56.21
3772.56,56.31
3773.06,56.05
3773.56,56.27
3774.06,56.24
3774.56,56.27
3775.06,56.05
3775.56,56.30
3776.06,56.16
3776.56,56.16
3777.06,56.20
3777.56,56.23
3778.06,56.18
3778.56,56.13
3779.06,56.20
3779.56,56.23
3780.06,56.09
3780.56,56.14
3781.06,56.29
3781.56,56.26
3782.06,56.18
3782.56,56.20
3783.06,56.42
3783.56,56.21
3784.06,56.25
3784.56,56.28
3785.06,56.19
3785.56,56.18
3786.06,56.22
3786.56,56.25
3787.06,56.15
3787.56,56.25
3788.06,56.22
3788.56,56.28
3789.06,56.18
3789.56,56.22
3790.06,56.17
3790.56,56.23
3791.06,56.22
3791.56,56.25
3792.06,56.05
3792.56,56.24
3793.06,56.14
3793.56,56.22
3794.06,56.25
3794.56,56.03
3795.06,56.18
3795.56,56.23
3796.06,56.12
3796.56,56.00
3797.06,56.05
3797.56,56.21
3798.06,56.23
3798.56,56.04
3799.06,56.10
3799.56,56.13
3800.06,56.15
3800.56,56.13
3801.06,56.09
3801.56,56.33
3802.06,56.17
3802.56,56.06
3803.06,56.16
3803.56,56.12
3804.06,56.08
3804.56,56.26
3805.06,56.28
3805.56,56.28
3806.06,56.08
3806.56,56.15
3807.06,56.23
3807.56,56.00
3808.06,56.10
3808.56,56.39
3809.06,56.08
3809.56,56.03
3810.06,56.12
3810.56,56.21
3811.06,56.14
3811.56,56.32
3812.06,56.14
3812.56,56.17
3813.06,56.15
3813.56,56.17
3814.06,56.15
3814.56,56.19
3815.06,56.29
3815.56,56.21
3816.06,56.01
3816.56,56.29
3817.06,56.12
3817.56,56.26
3818.06,56.21
3818.56,56.24
3819.06,56.02
3819.56,56.28
3820.06,56.32
3820.56,56.03
3821.06,56.14
3821.56,56.12
3822.06,56.30
3822.56,56.12
3823.06,56.33
3823.56,55.96
3824.06,56.17
3824.56,56.15
3825.06,56.08
3825.56,56.11
3826.06,56.34
3826.56,56.19
3827.06,56.12
3827.56,56.18
3828.06,56.24
3828.56,56.00
3829.06,56.10
3829.56,56.18
3830.06,56.02
3830.56,56.23
3831.06,56.30
3831.56,56.13
3832.06,56.28
3832.56,56.12
3833.06,56.22
3833.56,56.17
3834.06,56.17
3834.56,56.30
3835.06,56.15
3835.56,56.26
3836.06,56.00
3836.56,56.30
3837.06,56.23
3837.56,56.16
3838.06,56.07
3838.56,56.18
3839.06,56.10
3839.56,56.21
3840.06,56.25
3840.56,56.38
3841.06,56.26
3841.56,56.20
3842.06,56.06
3842.56,56.24
3843.06,56.13
3843.56,56.23
3844.06,56.23
3844.56,56.27
3845.06,56.20
3845.56,56.25
3846.06,56.21
3846.56,56.17
3847.06,56.15
3847.56,56.15
3848.06,56.28
3848.56,56.49
3849.06,56.15
3849.56,56.15
3850.06,56.14
3850.56,56.17
3851.06,56.01
3851.56,56.38
3852.06,56.24
3852.56,56.25
3853.06,56.44
3853.56,56.33
3854.06,56.21
3854.56,56.20
3855.06,56.25
3855.56,56.35
3856.06,56.23
3856.56,56.31
3857.06,56.26
3857.56,56.22
3858.06,56.36
3858.56,56.16
3859.06,56.40
3859.56,56.21
3860.06,56.39
3860.56,56.39
3861.06,56.40
3861.56,56.28
3862.06,56.19
3862.56,56.31
3863.06,56.08
3863.56,56.15
3864.06,56.16
3864.56,56.15
3865.06,56.19
3865.56,56.22
3866.06,56.42
3866.56,56.21
3867.06,56.24
3867.56,55.94
3868.06,56.21
3868.56,56.05
3869.06,56.10
3869.56,56.22
3870.06,56.01
3870.56,56.29
3871.06,56.27
3871.56,56.28
3872.06,56.20
3872.56,56.23
3873.06,56.20
3873.56,56.35
3874.06,56.10
3874.56,56.35
3875.06,56.39
3875.56,56.27
3876.06,56.30
3876.56,56.24
3877.06,56.48
3877.56,56.27
3878.06,56.35
3878.56,56.30
3879.06,56.09
3879.56,56.12
3880.06,56.29
3880.56,56.32
3881.06,56.20
3881.56,56.43
3882.07,56.38
3882.56,56.34
3883.06,56.22
3883.56,56.64
3884.07,56.31
3884.56,56.16
3885.06,56.20
3885.56,56.39
3886.06,56.30
3886.56,56.39
3887.06,56.38
3887.56,56.26
3888.06,56.24
3888.56,56.28
3889.06,56.33
3889.56,56.30
3890.06,56.32
3890.56,56.18
3891.06,56.38
3891.56,56.19
3892.06,56.34
3892.56,56.21
3893.06,56.42
3893.56,56.34
3894.06,56.12
3894.56,56.38
3895.06,56.28
3895.56,56.39
3896.06,56.25
3896.56,56.29
3897.06,56.33
3897.56,56.31
3898.06,56.22
3898.56,56.38
3899.06,56.33
3899.56,56.22
3900.06,56.29
3900.56,56.49
3901.06,56.32
3901.56,56.27
3902.06,56.19
3902.56,56.33
3903.06,56.38
3903.56,56.40
3904.06,56.30
3904.56,56.30
3905.06,56.44
3905.56,56.25
3906.06,56.27
3906.56,56.32
3907.06,56.28
3907.56,56.43
3908.06,56.28
3908.56,56.35
3909.06,56.32
3909.56,56.48
3910.06,56.30
3910.56,56.28
3911.06,56.31
3911.56,56.41
3912.06,56.36
3912.56,56.25
3913.06,56.47
3913.56,56.43
3914.06,56.29
3914.56,56.21
3915.06,56.32
3915.56,56.47
3916.06,56.23
3916.56,56.47
3917.06,56.21
3917.56,56.24
3918.06,56.33
3918.56,56.19
3919.06,56.34
3919.56,56.24
3920.06,56.51
3920.56,56.29
3921.06,56.43
3921.56,56.27
3922.06,56.13
3922.56,56.32
3923.06,56.34
3923.56,56.40
3924.06,56.33
3924.56,56.35
3925.06,56.38
3925.56,56.34
3926.06,56.28
3926.56,56.42
3927.06,56.34
3927.56,56.21
3928.06,56.26
3928.56,56.32
3929.06,56.17
3929.56,56.41
3930.06,56.34
3930.56,56.36
3931.06,56.27
3931.56,56.31
3932.06,56.32
3932.56,56.43
3933.06,56.43
3933.56,56.45
3934.06,56.28
3934.56,56.46
3935.06,56.36
3935.56,56.41
3936.06,56.34
3936.56,56.60
3937.06,56.38
3937.56,56.43
3938.06,56.37
3938.56,56.37
3939.06,56.27
3939.56,56.44
3940.06,56.35
3940.56,56.47
3941.06,56.49
3941.56,56.24
3942.06,56.22
3942.56,56.18
3943.06,56.36
3943.56,56.42
3944.06,56.30
3944.56,56.39
3945.06,56.23
3945.56,56.60
3946.06,56.31
3946.56,56.35
3947.06,56.48
3947.56,56.40
3948.06,56.41
3948.56,56.28
3949.06,56.38
3949.56,56.42
3950.06,56.38
3950.56,56.36
3951.06,56.39
3951.56,56.33
3952.06,56.40
3952.56,56.35
3953.06,56.40
3953.56,56.22
3954.06,56.18
3954.56,56.42
3955.06,56.40
3955.56,56.41
3956.06,56.47
3956.56,56.41
3957.06,56.33
3957.56,56.36
3958.06,56.51
3958.56,56.36
3959.06,56.33
3959.56,56.36
3960.06,56.21
3960.56,56.43
3961.06,56.41
3961.56,56.64
3962.06,56.42
3962.56,56.37
3963.06,56.43
3963.56,56.50
3964.06,56.41
3964.56,56.39
3965.06,56.51
3965.56,56.39
3966.06,56.38
3966.56,56.45
3967.06,56.46
3967.56,56.52
3968.06,56.15
3968.56,56.37
3969.06,56.45
3969.56,56.18
3970.06,56.71
3970.56,56.43
3971.06,56.48
3971.56,56.34
3972.06,56.45
3972.56,56.50
3973.06,56.33
3973.56,56.36
3974.06,56.55
3974.56,56.54
3975.06,56.45
3975.56,56.50
3976.06,56.42
3976.56,56.41
3977.06,56.62
3977.56,56.49
3978.06,56.47
3978.56,56.55
3979.06,56.36
3979.56,56.48
3980.06,56.31
3980.56,56.47
3981.06,56.56
3981.56,56.53
3982.06,56.47
3982.56,56.43
3983.06,56.49
3983.56,56.67
3984.06,56.53
3984.56,56.40
3985.06,56.31
3985.56,56.49
3986.06,56.62
3986.56,56.60
3987.06,56.48
3987.56,56.45
3988.06,56.47
3988.56,56.48
3989.06,56.15
3989.56,56.60
3990.06,56.49
3990.56,56.67
3991.06,56.43
3991.56,56.41
3992.06,56.50
3992.56,56.51
3993.06,56.59
3993.56,56.67
3994.06,56.58
3994.56,56.35
3995.06,56.45
3995.56,56.26
3996.06,56.36
3996.56,56.52
3997.06,56.51
3997.56,56.37
3998.06,56.78
3998.56,56.50
3999.06,56.53
3999.56,56.46
4000.06,56.51
4000.56,56.42
4001.06,56.40
4001.56,56.54
4002.06,56.61
4002.56,56.29
4003.06,56.67
4003.56,56.24
4004.06,56.63
4004.56,56.39
4005.06,56.33
4005.56,56.68
4006.06,56.31
4006.56,56.51
4007.06,56.47
4007.56,56.57
4008.06,56.26
4008.56,56.51
4009.06,56.52
4009.56,56.60
4010.06,56.45
4010.56,56.52
4011.06,56.31
4011.56,56.34
4012.06,56.58
4012.56,56.54
4013.06,56.71
4013.56,56.42
4014.06,56.54
4014.56,56.32
4015.06,56.53
4015.56,56.64
4016.06,56.62
4016.56,56.50
4017.06,56.66
4017.56,56.45
4018.06,56.44
4018.56,56.55
4019.06,56.68
4019.56,56.47
4020.06,56.70
4020.56,56.72
4021.06,56.50
4021.56,56.55
4022.06,56.34
4022.56,56.57
4023.06,56.41
4023.56,56.65
4024.06,56.46
4024.56,56.65
4025.06,56.62
4025.56,56.48
4026.06,56.60
4026.56,56.57
4027.06,56.43
4027.56,56.61
4028.06,56.52
4028.56,56.64
4029.06,56.58
4029.56,56.59
4030.06,56.48
4030.56,56.70
4031.06,56.58
4031.56,56.34
4032.06,56.41
4032.56,56.93
4033.06,56.45
4033.56,56.83
4034.06,56.54
4034.56,56.66
4035.06,56.69
4035.56,56.83
4036.06,56.62
4036.56,56.58
4037.06,56.81
4037.56,56.73
4038.06,56.55
4038.56,56.25
4039.06,56.55
4039.56,56.56
4040.06,56.68
4040.56,56.63
4041.06,56.65
4041.56,56.62
4042.06,56.70
4042.56,56.66
4043.06,56.69
4043.56,56.50
4044.06,56.64
4044.56,56.57
4045.06,56.60
4045.56,56.84
4046.06,56.41
4046.56,56.59
4047.06,56.66
4047.56,56.64
4048.06,56.59
4048.56,56.56
4049.06,56.91
4049.56,56.62
4050.06,56.64
4050.56,56.62
4051.06,56.74
4051.56,56.57
4052.06,56.79
4052.56,56.65
4053.06,56.30
4053.56,56.62
4054.06,56.60
4054.56,56.62
4055.06,56.64
4055.56,56.65
4056.06,56.79
4056.56,56.57
4057.06,56.85
4057.56,56.87
4058.06,56.48
4058.56,56.51
4059.06,56.83
4059.56,56.62
4060.06,56.62
4060.56,56.75
4061.06,56.70
4061.56,56.50
4062.06,56.41
4062.56,56.64
4063.06,56.74
4063.56,56.67
4064.06,56.58
4064.56,56.44
4065.06,56.71
4065.56,56.62
4066.06,56.69
4066.56,56.82
4067.06,56.88
4067.56,56.77
4068.06,56.72
4068.56,56.63
4069.06,56.51
4069.56,56.50
4070.06,56.71
4070.56,56.71
4071.06,56.62
4071.56,56.87
4072.06,56.58
4072.56,56.65
4073.06,56.58
4073.56,56.80
4074.06,56.71
4074.56,56.61
4075.06,56.71
4075.56,56.59
4076.06,56.67
4076.56,56.55
4077.06,56.70
4077.56,56.53
4078.06,56.89
4078.56,56.71
4079.06,56.79
4079.56,56.61
4080.06,56.83
4080.56,56.60
4081.06,56.59
4081.56,56.85
4082.06,56.74
4082.56,56.50
4083.06,56.63
4083.56,56.83
4084.06,56.76
4084.56,56.68
4085.06,56.55
4085.56,56.70
4086.06,56.66
4086.56,56.60
4087.06,56.81
4087.56,56.73
4088.06,56.75
4088.56,56.82
4089.06,56.52
4089.56,56.66
4090.06,56.88
4090.56,56.73
4091.06,56.77
4091.56,56.74
4092.06,56.66
4092.56,56.74
4093.06,56.68
4093.56,56.56
4094.06,56.83
4094.56,56.51
4095.06,56.55
4095.56,56.72
4096.06,56.60
4096.56,56.70
4097.06,56.80
4097.56,56.70
4098.06,56.70
4098.56,56.80
4099.06,56.70
4099.56,56.82
4100.06,56.68
4100.56,56.67
4101.06,56.78
4101.56,56.73
4102.06,56.69
4102.56,56.67
4103.06,56.73
4103.56,56.75
4104.06,56.69
4104.56,56.69
4105.06,56.68
4105.56,56.77
4106.06,56.91
4106.56,56.86
4107.06,56.86
4107.56,56.76
4108.06,56.82
4108.56,56.72
4109.06,56.56
4109.56,56.61
4110.06,56.83
4110.56,56.71
4111.06,56.29
4111.56,56.75
4112.06,56.74
4112.56,56.72
4113.06,56.79
4113.56,56.68
4114.06,56.59
4114.56,56.67
4115.06,56.64
4115.56,56.71
4116.06,56.65
4116.56,56.60
4117.06,56.60
4117.56,56.76
4118.06,56.59
4118.56,56.46
4119.06,56.68
4119.56,56.66
4120.06,56.77
4120.56,56.75
4121.06,56.78
4121.56,56.63
4122.06,56.78
4122.56,56.72
4123.06,56.76
4123.56,56.83
4124.06,56.92
4124.56,56.68
4125.06,56.68
4125.56,56.58
4126.06,56.87
4126.56,56.85
4127.06,56.49
4127.56,56.83
4128.06,56.65
4128.56,56.52
4129.06,56.75
4129.56,56.61
4130.06,56.81
4130.56,56.89
4131.06,56.68
4131.56,56.84
4132.06,56.68
4132.56,56.56
4133.06,56.74
4133.56,56.60
4134.06,56.73
4134.56,56.88
4135.06,56.77
4135.56,56.82
4136.06,56.78
4136.56,56.59
4137.06,56.66
4137.56,56.64
4138.06,56.90
4138.56,56.66
4139.06,56.75
4139.56,56.80
4140.06,56.74
4140.56,56.90
4141.06,56.72
4141.56,56.40
4142.06,56.85
4142.56,56.70
4143.06,56.64
4143.56,56.77
4144.06,56.60
4144.56,56.79
4145.06,56.76
4145.56,56.77
4146.06,56.72
4146.56,56.78
4147.06,56.92
4147.56,56.82
4148.06,56.71
4148.56,56.75
4149.06,56.60
4149.56,56.73
4150.06,56.90
4150.56,56.78
4151.06,56.89
4151.56,56.70
4152.06,56.67
4152.56,56.78
4153.06,56.71
4153.56,56.65
4154.06,56.71
4154.56,56.76
4155.06,56.82
4155.56,56.86
4156.06,56.95
4156.56,56.79
4157.06,56.78
4157.56,56.69
4158.06,56.89
4158.56,56.70
4159.06,56.67
4159.56,56.63
4160.06,56.74
4160.56,56.76
4161.06,56.71
4161.56,56.71
4162.06,56.83
4162.56,56.84
4163.06,56.84
4163.56,56.76
4164.06,56.90
4164.56,56.79
4165.06,56.84
4165.56,56.81
4166.06,56.82
4166.56,56.85
4167.06,56.77
4167.56,56.43
4168.06,56.82
4168.56,56.80
4169.06,56.77
4169.56,56.87
4170.06,56.69
4170.56,56.73
4171.06,56.70
4171.56,56.83
4172.06,56.89
4172.56,56.73
4173.06,56.73
4173.56,56.82
4174.06,56.75
4174.56,56.63
4175.06,56.77
4175.56,56.87
4176.06,56.71
4176.56,56.82
4177.06,56.81
4177.56,56.70
4178.06,56.88
4178.56,56.75
4179.06,56.86
4179.56,56.62
4180.06,56.83
4180.56,56.88
4181.06,56.81
4181.56,56.66
4182.06,56.73
4182.56,56.68
4183.06,56.55
4183.56,56.50
4184.06,56.52
