time_s,temp_C
0.91,41.03
1.25,40.91
1.59,41.02
1.93,41.02
2.27,40.73
2.61,41.02
3.06,40.92
3.56,41.08
4.06,40.92
4.56,41.23
5.06,40.85
5.56,40.94
6.06,41.03
6.56,40.86
7.06,40.77
7.56,40.83
8.06,40.70
8.56,40.69
9.06,40.58
9.56,40.59
10.06,40.57
10.56,40.50
11.06,40.51
11.56,40.53
12.06,40.53
12.56,40.51
13.06,40.39
13.56,40.43
14.06,40.58
14.56,40.26
15.06,40.35
15.56,40.33
16.06,40.38
16.56,40.30
17.06,40.66
17.56,40.33
18.06,40.48
18.56,40.45
19.06,40.50
19.56,40.28
20.06,40.21
20.56,40.27
21.06,40.44
21.56,40.37
22.06,40.44
22.56,40.21
23.06,40.44
23.56,40.35
24.06,40.32
24.56,40.44
25.06,40.35
25.56,40.25
26.06,40.71
26.56,40.29
27.06,40.19
27.56,40.32
28.06,40.42
28.56,40.52
29.06,40.36
29.56,40.47
30.06,40.32
30.56,40.39
31.06,40.49
31.56,40.23
32.06,40.25
32.56,40.06
33.06,40.50
33.56,40.23
34.06,40.32
34.56,40.31
35.06,40.17
35.56,40.31
36.06,40.26
36.56,40.36
37.06,40.33
37.56,40.29
38.06,40.57
38.56,40.35
39.06,40.16
39.56,40.67
40.06,40.35
40.56,40.38
41.06,40.76
41.56,40.35
42.06,40.33
42.56,40.52
43.06,40.40
43.56,40.48
44.06,40.45
44.56,40.58
45.06,40.05
45.56,40.30
46.06,40.38
46.56,40.26
47.06,40.43
47.56,40.27
48.06,40.35
48.56,40.58
49.06,40.38
49.56,40.50
50.06,40.51
50.56,40.40
51.06,40.33
51.56,40.35
52.06,40.41
52.56,40.32
53.06,40.31
53.56,40.36
54.06,40.48
54.56,40.41
55.06,40.41
55.56,40.34
56.06,40.39
56.56,40.36
57.06,40.44
57.56,40.51
58.06,40.57
58.56,40.33
59.06,40.46
59.56,40.40
60.06,40.16
60.56,40.80
61.06,40.45
61.56,40.38
62.06,40.34
62.56,40.48
63.06,40.42
63.56,40.37
64.06,40.38
64.56,40.83
65.06,40.61
65.56,40.51
66.06,40.34
66.56,40.23
67.06,40.42
67.56,40.50
68.06,40.46
68.56,40.46
69.06,40.64
69.56,40.48
70.06,40.51
70.56,40.56
71.06,40.41
71.56,40.46
72.06,40.51
72.56,40.56
73.06,40.50
73.56,40.34
74.06,40.66
74.56,40.55
75.06,40.48
75.56,40.51
76.06,40.55
76.56,40.67
77.06,40.76
77.56,40.58
78.06,40.37
78.56,40.61
79.06,40.37
79.56,40.60
80.06,40.57
80.56,40.54
81.06,40.38
81.56,40.68
82.06,40.30
82.56,40.50
83.06,40.47
83.56,40.64
84.06,40.49
84.56,40.66
85.06,40.48
85.56,40.49
86.06,40.58
86.56,40.89
87.06,40.59
87.56,40.58
88.06,40.75
88.56,40.53
89.06,40.67
89.56,40.63
90.06,40.68
90.56,40.47
91.06,40.96
91.56,40.63
92.06,40.63
92.56,40.74
93.06,40.81
93.56,40.46
94.06,40.68
94.56,40.68
95.06,40.64
95.56,40.77
96.06,40.80
96.56,40.79
97.06,41.04
97.56,40.88
98.06,40.97
98.56,40.70
99.06,40.80
99.56,40.84
100.06,40.83
100.56,41.03
101.06,40.83
101.56,40.87
102.06,40.98
102.56,40.78
103.06,40.99
103.56,40.92
104.06,40.86
104.56,40.97
105.06,40.99
105.56,40.98
106.06,41.06
106.56,40.87
107.06,40.98
107.56,41.04
108.06,40.68
108.56,40.92
109.06,40.91
109.56,41.06
110.06,41.11
110.56,40.88
111.06,41.10
111.56,40.93
112.06,41.10
112.56,41.10
113.06,41.12
113.56,40.92
114.06,40.93
114.56,41.30
115.06,41.04
115.56,41.02
116.06,41.20
116.56,41.25
117.06,41.12
117.56,41.18
118.06,41.18
118.56,41.26
119.06,41.06
119.56,41.22
120.06,41.22
120.56,41.29
121.06,41.24
121.56,41.34
122.06,41.29
122.56,41.11
123.06,41.26
123.56,41.21
124.06,41.41
124.56,41.16
125.06,41.04
125.56,41.65
126.06,41.23
126.56,41.30
127.06,41.36
127.56,41.53
128.06,41.27
128.56,41.29
129.06,41.49
129.56,41.37
130.06,41.48
130.56,40.86
131.06,41.56
131.56,41.34
132.06,41.42
132.56,41.45
133.06,41.55
133.56,41.44
134.06,41.78
134.56,41.53
135.06,41.59
135.56,41.54
136.06,41.52
136.56,41.52
137.06,41.43
137.56,41.48
138.06,41.65
138.56,41.57
139.06,41.67
139.56,41.63
140.06,41.47
140.56,41.61
141.06,41.34
141.56,41.60
142.06,41.65
142.56,41.61
143.06,41.65
143.56,41.53
144.06,41.40
144.56,41.72
145.06,41.69
145.56,41.35
146.06,41.82
146.56,41.72
147.06,41.53
147.56,41.61
148.06,41.85
148.56,41.56
149.06,41.60
149.56,41.84
150.06,41.66
150.56,41.68
151.06,42.01
151.56,41.82
152.06,42.08
152.56,41.97
153.06,42.00
153.56,42.06
154.06,41.88
154.56,42.00
155.06,42.37
155.56,41.96
156.06,41.79
156.56,42.09
157.06,41.86
157.56,41.54
158.06,42.12
158.56,41.92
159.06,41.94
159.56,42.17
160.06,42.01
160.56,41.96
161.06,42.12
161.56,41.97
162.06,41.93
162.56,41.96
163.06,42.10
163.56,42.09
164.06,42.14
164.56,42.10
165.06,42.18
165.56,42.17
166.06,42.10
166.56,42.30
167.06,42.14
167.56,42.02
168.06,42.21
168.56,42.17
169.06,42.12
169.56,42.11
170.06,42.12
170.56,42.22
171.06,42.28
171.56,42.37
172.06,42.14
172.56,42.27
173.06,42.23
173.56,42.21
174.06,42.22
174.56,42.23
175.06,42.42
175.56,42.49
176.06,42.26
176.56,42.25
177.06,42.26
177.56,42.29
178.06,42.33
178.56,42.37
179.06,42.21
179.56,42.32
180.06,42.37
180.56,42.35
181.06,42.45
181.56,42.41
182.06,42.38
182.56,42.34
183.06,42.28
183.56,42.69
184.06,42.67
184.56,42.57
185.06,42.45
185.56,42.61
186.06,42.51
186.56,42.61
187.06,42.49
187.56,42.71
188.06,42.70
188.56,42.68
189.06,42.51
189.56,42.64
190.06,42.76
190.56,42.59
191.06,42.67
191.56,42.73
192.06,42.48
192.56,42.87
193.06,42.77
193.56,42.66
194.06,42.81
194.56,42.76
195.06,42.75
195.56,42.94
196.06,42.70
196.56,42.64
197.06,42.83
197.56,42.70
198.06,43.00
198.56,42.72
199.06,42.73
199.56,43.01
200.06,42.73
200.56,42.78
201.06,42.88
201.56,43.02
202.06,42.82
202.56,42.86
203.06,42.84
203.56,42.83
204.06,43.06
204.56,42.90
205.06,42.83
205.56,42.90
206.06,43.10
206.56,43.04
207.06,42.96
207.56,43.09
208.06,43.19
208.56,43.00
209.06,43.00
209.56,42.89
210.06,42.95
210.56,42.96
211.06,43.06
211.56,43.14
212.06,43.16
212.56,42.87
213.06,43.15
213.56,43.11
214.06,43.10
214.56,42.99
215.06,43.18
215.56,43.35
216.06,43.13
216.56,43.23
217.06,43.37
217.56,43.19
218.06,43.18
218.56,43.22
219.06,43.20
219.56,43.19
220.06,43.18
220.56,43.33
221.06,43.23
221.56,43.08
222.06,43.36
222.56,43.26
223.06,43.22
223.56,43.24
224.06,43.46
224.56,43.29
225.06,43.26
225.56,43.32
226.06,43.31
226.56,43.56
227.06,43.56
227.56,43.13
228.06,43.73
228.56,43.41
229.06,43.30
229.56,43.65
230.06,43.39
230.56,43.57
231.06,43.40
231.56,43.42
232.06,43.50
232.56,43.25
233.06,43.59
233.56,43.46
234.06,43.49
234.56,43.48
235.06,43.41
235.56,43.59
236.06,43.57
236.56,43.51
237.06,43.56
237.56,43.68
238.06,43.75
238.56,43.76
239.06,43.41
239.56,43.54
240.06,43.61
240.56,43.59
241.06,43.79
241.56,43.57
242.06,43.61
242.56,43.60
243.06,43.72
243.56,43.84
244.06,43.93
244.56,44.02
245.06,43.28
245.56,43.74
246.06,43.79
246.56,43.89
247.06,43.69
247.56,43.58
248.06,43.74
248.56,43.98
249.06,43.87
249.56,43.81
250.06,43.84
250.56,44.03
251.06,43.93
251.56,43.88
252.06,43.50
252.56,43.89
253.06,43.83
253.56,43.87
254.06,44.08
254.56,43.86
255.06,43.96
255.56,43.88
256.06,44.08
256.56,43.84
257.06,43.66
257.56,43.87
258.06,43.98
258.56,44.03
259.06,44.17
259.56,43.97
260.06,44.03
260.56,43.97
261.06,43.70
261.56,44.15
262.06,44.08
262.56,44.06
263.06,43.99
263.56,44.15
264.06,44.22
264.56,44.14
265.06,44.25
265.56,44.22
266.06,44.05
266.56,44.10
267.06,43.84
267.56,44.20
268.06,44.01
268.56,44.20
269.06,44.09
269.56,44.23
270.06,44.12
270.56,44.29
271.06,44.11
271.56,44.27
272.06,44.29
272.56,44.50
273.06,44.09
273.56,44.29
274.06,44.26
274.56,44.33
275.06,44.35
275.56,44.19
276.06,44.39
276.56,44.47
277.06,44.35
277.56,44.18
278.06,44.65
278.56,44.54
279.06,44.52
279.56,44.15
280.06,44.43
280.56,44.47
281.06,44.53
281.56,44.48
282.06,44.39
282.56,44.44
283.06,44.51
283.56,44.51
284.06,44.63
284.56,44.40
285.06,44.55
285.56,44.52
286.06,44.47
286.56,44.59
287.06,44.41
287.56,44.44
288.06,44.45
288.56,44.66
289.06,44.48
289.56,44.79
290.06,44.45
290.56,44.81
291.06,44.61
291.56,44.83
292.06,44.52
292.56,44.39
293.06,44.77
293.56,44.75
294.06,44.47
294.56,44.60
295.06,44.63
295.56,44.78
296.06,44.65
296.56,44.52
297.06,44.68
297.56,44.63
298.06,44.43
298.56,44.62
299.06,44.71
299.56,44.74
300.06,44.80
300.56,44.82
301.06,45.03
301.56,44.80
302.06,44.90
302.56,44.93
303.06,44.66
303.56,44.46
304.06,44.82
304.56,44.72
305.06,44.79
305.56,44.82
306.06,44.91
306.56,44.97
307.06,44.77
307.56,44.93
308.06,44.90
308.56,44.91
309.06,45.04
309.56,44.60
310.06,45.05
310.56,44.78
311.06,45.13
311.56,45.05
312.06,45.14
312.56,44.89
313.06,44.92
313.56,44.85
314.06,45.00
314.56,45.04
315.06,45.08
315.56,45.03
316.06,44.99
316.56,45.13
317.06,45.23
317.56,45.12
318.06,45.20
318.56,45.11
319.06,45.03
319.56,45.22
320.06,45.02
320.56,45.25
321.06,45.17
321.56,45.29
322.06,45.15
322.56,45.26
323.06,45.26
323.56,45.24
324.06,45.28
324.56,45.34
325.06,45.06
325.56,45.30
326.06,45.28
326.57,45.43
327.06,45.13
327.56,45.08
328.06,45.22
328.57,45.29
329.06,45.35
329.56,45.38
330.06,45.65
330.57,45.31
331.06,45.28
331.56,45.44
332.06,45.32
332.56,45.28
333.06,45.53
333.56,45.37
334.06,45.63
334.56,45.47
335.06,45.62
335.56,45.46
336.06,45.27
336.56,45.29
337.06,45.48
337.56,45.06
338.06,45.48
338.56,45.42
339.06,45.44
339.56,44.81
340.06,45.52
340.56,45.39
341.06,45.54
341.56,45.46
342.06,45.62
342.56,45.28
343.06,45.60
343.56,45.40
344.06,45.60
344.56,45.74
345.06,45.74
345.56,45.56
346.06,45.71
346.56,45.56
347.06,45.33
347.56,45.58
348.06,45.71
348.56,45.37
349.06,45.64
349.56,45.55
350.06,45.65
350.56,45.78
351.06,45.62
351.56,45.71
352.06,45.66
352.56,45.74
353.06,45.60
353.56,45.84
354.06,45.78
354.56,45.44
355.06,45.68
355.56,45.66
356.06,45.68
356.56,45.70
357.06,45.69
357.56,45.74
358.06,45.86
358.56,45.76
359.06,45.70
359.56,45.80
360.06,45.93
360.56,45.80
361.06,45.86
361.56,45.58
362.06,45.98
362.56,46.00
363.06,45.97
363.56,45.90
364.06,45.97
364.56,45.79
365.06,45.59
365.56,45.96
366.06,45.84
366.56,45.81
367.06,45.99
367.56,45.97
368.06,45.86
368.56,45.82
369.06,45.89
369.56,45.92
370.06,45.94
370.56,45.85
371.06,46.08
371.56,45.92
372.06,45.77
372.56,46.02
373.06,45.96
373.56,45.94
374.06,45.97
374.56,45.81
375.06,45.89
375.56,45.99
376.06,45.96
376.56,46.03
377.06,46.00
377.56,46.06
378.06,46.01
378.56,46.00
379.06,45.73
379.56,46.01
380.06,46.23
380.56,45.95
381.06,45.91
381.56,46.05
382.06,45.99
382.56,46.07
383.06,46.10
383.56,45.96
384.06,45.90
384.56,45.98
385.06,45.80
385.56,46.10
386.06,46.02
386.56,46.29
387.06,46.22
387.56,45.96
388.06,46.37
388.56,46.18
389.06,46.15
389.56,46.13
390.06,46.10
390.56,46.27
391.06,45.99
391.56,46.20
392.06,46.46
392.56,46.16
393.06,46.19
393.56,46.29
394.06,46.16
394.56,46.11
395.06,46.29
395.56,46.38
396.06,46.26
396.56,46.33
397.06,46.13
397.56,46.30
398.06,46.13
398.56,46.37
399.06,46.19
399.56,46.34
400.06,46.27
400.56,46.27
401.06,46.23
401.56,46.49
402.06,46.40
402.56,46.13
403.06,46.37
403.56,46.21
404.06,46.26
404.56,46.09
405.06,46.37
405.56,46.41
406.06,46.41
406.56,46.29
407.06,46.40
407.56,46.39
408.06,46.06
408.56,46.36
409.06,46.42
409.56,46.36
410.06,46.47
410.56,46.79
411.06,46.44
411.56,46.70
412.06,46.40
412.56,46.41
413.06,46.54
413.56,46.66
414.06,46.29
414.56,46.37
415.06,46.36
415.56,46.33
416.06,46.49
416.56,46.48
417.06,46.54
417.56,46.54
418.06,46.54
418.56,46.71
419.06,46.51
419.56,46.65
420.06,46.45
420.56,46.44
421.06,46.51
421.56,46.58
422.06,46.54
422.56,46.63
423.06,46.60
423.56,46.48
424.06,46.70
424.56,46.27
425.06,46.49
425.56,46.63
426.06,46.57
426.56,46.84
427.06,46.55
427.56,46.57
428.06,46.62
428.56,46.55
429.06,46.58
429.56,46.43
430.06,46.68
430.56,46.61
431.06,46.74
431.56,46.80
432.06,46.63
432.56,46.69
433.06,46.66
433.56,46.68
434.06,46.71
434.56,46.70
435.06,46.42
435.56,46.82
436.06,46.75
436.56,46.73
437.06,46.82
437.56,46.65
438.06,46.62
438.56,46.81
439.06,46.66
439.56,46.75
440.06,46.74
440.56,46.81
441.06,46.92
441.56,46.69
442.06,46.79
442.56,47.11
443.06,46.74
443.56,46.79
444.06,46.69
444.56,46.67
445.06,46.85
445.56,46.64
446.06,46.82
446.56,46.94
447.06,46.86
447.56,47.07
448.06,46.71
448.56,46.65
449.06,46.88
449.56,46.88
450.06,46.86
450.56,46.86
451.06,46.87
451.56,47.10
452.06,46.85
452.56,46.65
453.06,46.77
453.56,46.85
454.06,47.05
454.56,47.02
455.06,46.88
455.56,46.98
456.06,47.14
456.56,46.90
457.06,46.88
457.56,46.83
458.06,47.06
458.56,46.91
459.06,47.03
459.56,46.75
460.06,46.97
460.56,46.92
461.06,46.92
461.56,47.09
462.06,46.99
462.56,46.98
463.06,47.19
463.56,47.06
464.06,47.15
464.56,47.20
465.06,46.96
465.56,46.97
466.06,47.18
466.56,47.05
467.06,47.00
467.56,46.98
468.06,47.10
468.56,47.18
469.06,47.28
469.56,46.75
470.06,47.21
470.56,47.12
471.06,47.09
471.56,47.05
472.06,47.15
472.56,47.16
473.06,47.09
473.56,47.15
474.06,47.09
474.56,47.25
475.06,47.19
475.56,47.00
476.06,47.05
476.56,47.15
477.06,47.20
477.56,46.96
478.06,47.41
478.56,47.17
479.06,47.10
479.56,47.21
480.06,47.31
480.56,47.10
481.06,47.18
481.56,47.07
482.06,47.07
482.56,47.36
483.06,47.30
483.56,47.33
484.06,47.13
484.56,47.24
485.06,46.96
485.56,47.08
486.06,47.12
486.56,47.22
487.06,47.48
487.56,47.31
488.06,47.06
488.56,47.24
489.06,47.29
489.56,47.44
490.06,47.17
490.56,47.23
491.06,47.14
491.56,47.24
492.06,47.47
492.56,47.27
493.06,47.34
493.56,47.46
494.06,47.52
494.56,47.28
495.06,47.32
495.56,47.30
496.06,47.27
496.56,47.26
497.06,47.31
497.56,47.31
498.06,47.42
498.56,47.23
499.06,47.45
499.56,47.33
500.06,47.32
500.56,47.16
501.06,47.64
501.56,47.40
502.06,47.75
502.56,47.49
503.06,47.27
503.56,47.37
504.06,47.35
504.56,47.43
505.06,47.49
505.56,47.53
506.06,47.42
506.56,47.32
507.06,47.48
507.56,47.39
508.06,47.38
508.56,47.36
509.06,47.62
509.56,47.62
510.06,47.36
510.56,47.57
511.06,47.49
511.56,47.76
512.06,47.49
512.56,47.39
513.06,47.58
513.56,47.14
514.06,47.51
514.56,47.38
515.06,47.46
515.56,47.20
516.06,47.81
516.56,47.33
517.06,47.53
517.56,47.44
518.06,47.58
518.56,47.49
519.06,47.37
519.56,47.57
520.06,47.55
520.56,47.67
521.06,47.49
521.56,47.42
522.06,47.24
522.56,47.53
523.06,47.44
523.56,47.50
524.06,47.61
524.56,47.68
525.06,47.65
525.56,47.68
526.06,47.88
526.56,47.67
527.06,47.82
527.56,47.55
528.06,47.82
528.56,47.48
529.06,47.66
529.56,47.64
530.06,47.59
530.56,47.61
531.06,47.66
531.56,47.56
532.06,47.67
532.56,47.87
533.06,47.52
533.56,47.56
534.06,47.71
534.56,47.71
535.06,47.59
535.56,47.56
536.06,47.64
536.56,47.58
537.06,47.66
537.56,47.86
538.06,47.65
538.56,47.39
539.06,47.67
539.56,47.64
540.06,47.76
540.56,47.61
541.06,47.77
541.56,47.65
542.06,47.93
542.56,47.85
543.06,47.62
543.56,47.71
544.06,47.75
544.56,47.73
545.06,47.83
545.56,48.02
546.06,47.90
546.56,47.90
547.06,47.76
547.56,47.70
548.06,47.80
548.56,47.68
549.06,47.68
549.56,47.76
550.06,47.85
550.56,47.77
551.06,47.71
551.56,47.78
552.06,47.86
552.56,47.86
553.06,47.90
553.56,47.86
554.06,47.93
554.56,47.83
555.06,47.76
555.56,47.80
556.06,48.00
556.56,47.82
557.06,47.83
557.56,47.84
558.06,47.82
558.56,48.05
559.06,47.61
559.56,48.02
560.06,47.88
560.56,47.42
561.06,47.76
561.56,48.03
562.06,47.65
562.56,47.91
563.06,47.82
563.56,47.89
564.06,48.01
564.56,47.91
565.06,47.93
565.56,47.89
566.06,48.09
566.56,48.10
567.06,47.89
567.56,47.87
568.06,47.94
568.56,48.08
569.06,48.25
569.56,48.01
570.06,48.15
570.56,48.10
571.06,47.73
571.56,47.75
572.06,47.89
572.56,48.05
573.06,48.12
573.56,47.81
574.06,47.81
574.56,47.90
575.06,47.91
575.56,47.95
576.06,48.00
576.56,48.15
577.06,48.02
577.56,47.99
578.06,48.22
578.56,48.10
579.06,48.03
579.56,48.09
580.06,48.14
580.56,47.99
581.06,47.83
581.56,48.46
582.06,48.04
582.56,47.88
583.06,48.07
583.56,48.19
584.06,48.09
584.56,47.85
585.06,48.14
585.56,48.09
586.06,48.09
586.56,48.17
587.06,48.18
587.56,47.82
588.06,48.28
588.56,48.22
589.06,48.13
589.56,48.10
590.06,47.98
590.56,48.09
591.06,48.24
591.56,48.01
592.06,47.98
592.56,48.04
593.06,48.01
593.56,48.05
594.06,48.14
594.56,48.21
595.06,48.24
595.56,48.14
596.06,48.26
596.56,48.28
597.06,48.27
597.56,48.55
598.06,48.33
598.56,48.21
599.06,48.16
599.56,48.19
600.06,48.44
600.56,48.16
601.06,48.23
601.56,48.28
602.06,47.94
602.56,48.35
603.06,48.27
603.56,48.54
604.06,48.46
604.56,48.29
605.06,48.22
605.56,48.09
606.06,48.38
606.56,48.25
607.06,48.15
607.56,48.34
608.06,48.32
608.56,48.12
609.06,48.29
609.56,48.20
610.06,48.23
610.56,48.14
611.06,48.23
611.56,48.30
612.06,48.48
612.56,48.00
613.06,48.14
613.56,48.23
614.06,48.36
614.56,48.37
615.06,48.26
615.56,48.31
616.06,48.15
616.56,48.32
617.06,48.31
617.56,48.53
618.06,48.32
618.56,48.19
619.06,48.29
619.56,48.33
620.06,48.19
620.56,48.41
621.06,48.12
621.56,48.47
622.06,48.24
622.56,48.18
623.06,48.30
623.56,48.36
624.06,48.49
624.56,48.48
625.06,48.40
625.56,48.33
626.06,48.37
626.56,48.55
627.06,48.38
627.56,48.48
628.06,48.30
628.56,48.36
629.06,48.40
629.56,48.47
630.06,48.51
630.56,48.37
631.06,48.36
631.56,48.46
632.06,48.32
632.56,48.36
633.06,48.50
633.56,48.24
634.06,48.48
634.56,48.30
635.06,48.77
635.56,48.59
636.06,48.43
636.56,48.37
637.06,48.31
637.56,48.43
638.06,48.36
638.56,48.54
639.06,48.50
639.56,48.38
640.06,48.39
640.56,48.49
641.06,48.28
641.56,48.46
642.06,48.41
642.56,48.52
643.06,48.19
643.56,48.45
644.06,48.55
644.56,48.47
645.06,48.54
645.56,48.46
646.06,48.37
646.56,48.58
647.06,48.56
647.56,48.38
648.06,48.41
648.56,48.41
649.06,48.48
649.56,48.63
650.06,48.38
650.56,48.37
651.06,48.44
651.56,48.57
652.06,48.42
652.56,48.47
653.06,48.58
653.56,48.57
654.06,48.37
654.56,48.54
655.06,48.44
655.56,48.49
656.06,48.60
656.56,48.36
657.06,48.41
657.56,48.24
658.06,48.62
658.56,48.53
659.06,48.57
659.56,48.44
660.06,48.60
660.56,48.64
661.06,48.52
661.56,48.54
662.06,48.44
662.56,48.57
663.07,48.56
663.56,48.74
664.06,48.58
664.56,48.83
665.07,48.52
665.56,48.59
666.06,48.67
666.56,48.59
667.07,48.57
667.56,48.60
668.06,48.61
668.56,48.48
669.06,48.53
669.56,48.49
670.06,48.73
670.56,48.75
671.06,48.56
671.56,48.76
672.06,48.64
672.56,48.56
673.06,48.62
673.56,48.44
674.06,48.52
674.56,49.02
675.06,48.55
675.56,48.64
676.06,48.96
676.56,48.55
677.06,48.70
677.56,48.57
678.06,48.75
678.56,48.68
679.06,48.69
679.56,48.51
680.06,48.71
680.56,48.63
681.06,48.54
681.56,48.62
682.06,48.69
682.56,48.86
683.06,48.84
683.56,48.63
684.06,48.82
684.56,48.74
685.06,48.93
685.56,48.88
686.06,48.75
686.56,48.82
687.06,48.82
687.56,48.70
688.06,48.76
688.56,48.73
689.06,48.61
689.56,48.59
690.06,48.57
690.56,48.71
691.06,48.67
691.56,48.78
692.06,48.78
692.56,48.69
693.06,48.68
693.56,48.84
694.06,48.82
694.56,48.66
695.06,48.75
695.56,48.72
696.06,49.08
696.56,48.87
697.06,48.70
697.56,48.77
698.06,48.67
698.56,48.72
699.06,48.95
699.56,48.80
700.06,49.06
700.56,48.71
701.06,48.77
701.56,48.75
702.06,48.69
702.56,48.82
703.06,48.75
703.56,48.71
704.06,48.57
704.56,48.83
705.06,49.05
705.56,48.90
706.06,48.73
706.56,48.79
707.06,48.74
707.56,48.87
708.06,48.83
708.56,49.15
709.06,48.82
709.56,48.85
710.06,48.86
710.56,48.74
711.06,48.86
711.56,48.72
712.06,48.82
712.56,48.68
713.06,48.83
713.56,48.91
714.06,48.80
714.56,48.94
715.06,48.86
715.56,49.09
716.06,48.98
716.56,48.95
717.06,48.89
717.56,49.02
718.06,48.83
718.56,49.08
719.06,48.68
719.56,48.95
720.06,48.89
720.56,48.92
721.06,48.82
721.56,49.22
722.06,49.07
722.56,49.02
723.06,48.77
723.56,48.98
724.06,49.10
724.56,49.19
725.06,48.98
725.56,48.95
726.06,48.79
726.56,49.03
727.06,48.97
727.56,48.94
728.06,48.97
728.56,48.94
729.06,48.95
729.56,49.07
730.06,49.08
730.56,48.98
731.06,49.00
731.56,49.01
732.06,49.14
732.56,48.94
733.06,49.04
733.56,48.94
734.06,49.03
734.56,49.23
735.06,49.04
735.56,49.19
736.06,49.05
736.56,49.04
737.06,48.84
737.56,49.13
738.06,49.02
738.56,49.06
739.06,48.87
739.56,48.99
740.06,49.08
740.56,48.89
741.06,49.00
741.56,49.24
742.06,49.00
742.56,49.15
743.06,48.98
743.56,49.22
744.06,49.09
744.56,48.95
745.06,49.12
745.56,48.82
746.06,49.26
746.56,49.05
747.06,49.14
747.56,49.26
748.06,48.95
748.56,49.15
749.06,49.05
749.56,49.12
750.06,49.01
750.56,49.07
751.06,49.13
751.56,49.09
752.06,49.15
752.56,49.07
753.06,49.27
753.56,49.02
754.06,49.15
754.56,49.11
755.06,49.20
755.56,48.94
756.06,49.13
756.56,49.16
757.06,49.00
757.56,49.06
758.06,49.21
758.56,49.13
759.06,49.24
759.56,49.02
760.06,49.17
760.56,49.06
761.06,49.11
761.56,49.00
762.06,49.11
762.56,49.13
763.06,49.04
763.56,48.93
764.06,49.15
764.56,49.10
765.06,49.11
765.56,49.08
766.06,49.07
766.56,49.27
767.06,49.00
767.56,49.29
768.06,49.20
768.56,49.01
769.06,49.16
769.56,49.08
770.06,48.95
770.56,49.08
771.06,49.14
771.56,49.03
772.06,49.51
772.56,49.05
773.06,49.32
773.56,49.17
774.06,48.96
774.56,49.07
775.06,49.07
775.56,49.18
776.06,48.92
776.56,49.10
777.06,49.19
777.56,49.05
778.06,49.17
778.56,49.27
779.06,49.26
779.56,49.02
780.06,48.94
780.56,49.32
781.06,49.33
781.56,49.21
782.06,49.21
782.56,49.24
783.06,49.17
783.56,49.45
784.06,49.26
784.56,49.12
785.06,49.11
785.56,49.17
786.06,49.26
786.56,49.43
787.06,49.30
787.56,49.27
788.06,49.04
788.56,49.24
789.06,49.31
789.56,49.26
790.06,49.35
790.56,49.23
791.06,49.39
791.56,49.15
792.06,49.31
792.56,49.19
793.06,49.30
793.56,49.27
794.06,49.44
794.56,49.21
795.06,49.20
795.56,49.36
796.06,49.45
796.56,49.21
797.06,49.35
797.56,49.21
798.06,49.20
798.56,49.29
799.06,49.46
799.56,49.42
800.06,49.28
800.56,49.19
801.06,49.27
801.56,49.30
802.06,49.38
802.56,49.32
803.06,49.33
803.56,49.35
804.06,49.30
804.56,49.45
805.06,49.28
805.56,49.21
806.06,49.38
806.56,49.32
807.06,49.58
807.56,49.22
808.06,49.30
808.56,49.10
809.06,49.29
809.56,49.28
810.06,49.47
810.56,49.26
811.06,49.29
811.56,49.34
812.06,49.38
812.56,49.31
813.06,49.26
813.56,49.50
814.06,49.40
814.56,49.26
815.06,49.61
815.56,49.23
816.06,49.23
816.56,49.31
817.06,49.36
817.56,49.28
818.06,49.32
818.56,49.35
819.06,49.18
819.56,49.41
820.06,49.43
820.56,49.38
821.06,49.38
821.56,49.03
822.06,49.40
822.56,49.37
823.06,49.27
823.56,49.43
824.06,49.43
824.56,49.42
825.06,49.28
825.56,49.50
826.06,49.47
826.56,49.35
827.06,49.37
827.56,49.34
828.06,49.38
828.56,49.23
829.06,49.28
829.56,49.45
830.06,49.35
830.56,49.45
831.06,49.73
831.56,49.20
832.06,49.56
832.56,49.29
833.06,49.40
833.56,49.29
834.06,49.49
834.56,49.43
835.06,49.52
835.56,49.47
836.06,49.50
836.56,49.46
837.06,49.48
837.56,49.24
838.06,49.55
838.56,49.60
839.06,49.53
839.56,49.33
840.06,49.51
840.56,49.37
841.06,49.72
841.56,49.58
842.06,49.36
842.56,49.42
843.06,49.41
843.56,49.29
844.06,49.36
844.56,49.48
845.06,49.30
845.56,49.24
846.06,49.41
846.56,49.28
847.06,49.56
847.56,49.21
848.06,49.47
848.56,49.40
849.06,49.46
849.56,49.46
850.06,49.49
850.56,49.53
851.06,49.54
851.56,49.54
852.06,49.50
852.56,49.56
853.06,49.56
853.56,49.29
854.06,49.37
854.56,49.32
855.06,49.48
855.56,49.45
856.06,49.60
856.56,49.52
857.06,49.51
857.56,49.45
858.06,49.66
858.56,49.54
859.06,49.50
859.56,49.24
860.06,49.46
860.56,49.43
861.06,49.73
861.56,49.66
862.06,49.44
862.56,49.27
863.06,49.52
863.56,49.68
864.06,49.52
864.56,49.54
865.06,49.47
865.56,49.46
866.06,49.48
866.56,49.63
867.06,49.64
867.56,49.59
868.06,49.43
868.56,49.58
869.06,49.76
869.56,49.59
870.06,49.51
870.56,49.54
871.06,49.61
871.56,49.51
872.06,49.41
872.56,49.47
873.06,49.59
873.56,49.57
874.06,49.56
874.56,49.68
875.06,49.57
875.56,49.41
876.06,49.67
876.56,49.78
877.06,49.51
877.56,49.60
878.06,49.49
878.56,49.32
879.06,49.50
879.56,49.34
880.06,49.65
880.56,49.87
881.06,49.56
881.56,49.63
882.06,49.74
882.56,49.50
883.06,49.60
883.56,49.62
884.06,49.43
884.56,49.60
885.06,49.64
885.56,49.53
886.06,49.62
886.56,49.56
887.06,49.69
887.56,49.73
888.06,49.88
888.56,49.44
889.06,49.62
889.56,49.47
890.06,49.71
890.56,49.73
891.06,49.62
891.56,49.73
892.06,49.84
892.56,49.81
893.06,49.46
893.56,49.64
894.06,49.58
894.56,49.64
895.06,49.66
895.56,49.41
896.06,49.56
896.56,49.21
897.06,49.39
897.56,49.61
898.06,49.58
898.56,49.50
899.06,49.76
899.56,49.77
900.06,49.68
900.56,49.66
901.06,49.92
901.56,49.74
902.06,49.93
902.56,49.56
903.06,49.72
903.56,49.73
904.06,49.70
904.56,49.68
905.06,49.81
905.56,49.89
906.06,49.76
906.56,49.55
907.06,49.60
907.56,49.72
908.06,49.61
908.56,49.69
909.06,49.63
909.56,50.05
910.06,49.63
910.56,49.65
911.06,49.55
911.56,49.58
912.06,49.61
912.56,49.65
913.06,49.47
913.56,49.59
914.06,49.68
914.56,49.70
915.06,49.79
915.56,49.70
916.06,49.53
916.56,49.76
917.06,49.58
917.56,50.03
918.06,49.43
918.56,49.78
919.06,49.92
919.56,49.59
920.06,49.78
920.56,49.64
921.06,49.58
921.56,49.78
922.06,49.80
922.56,49.88
923.06,49.67
923.56,49.77
924.06,49.63
924.56,49.55
925.06,49.67
925.56,49.59
926.06,49.70
926.56,49.42
927.06,49.76
927.56,49.51
928.06,49.78
928.56,49.80
929.06,49.91
929.56,49.81
930.06,50.10
930.56,49.78
931.06,49.60
931.56,49.68
932.06,49.86
932.56,49.73
933.06,49.70
933.56,49.83
934.06,49.66
934.56,49.79
935.06,49.82
935.56,49.63
936.06,49.87
936.56,50.08
937.06,49.74
937.56,49.81
938.06,49.79
938.56,49.80
939.06,49.75
939.56,49.74
940.06,49.85
940.56,49.62
941.06,49.92
941.56,49.64
942.06,49.76
942.56,49.78
943.06,49.85
943.56,49.56
944.06,49.68
944.56,49.88
945.06,49.73
945.56,49.70
946.06,49.75
946.56,49.93
947.06,49.49
947.56,49.70
948.06,49.82
948.56,49.81
949.06,49.79
949.56,49.79
950.06,49.74
950.56,49.76
951.06,49.73
951.56,49.84
952.06,49.72
952.56,49.88
953.06,49.89
953.56,49.70
954.06,49.72
954.56,49.70
955.06,49.80
955.56,49.84
956.06,49.77
956.56,49.82
957.06,49.65
957.56,49.76
958.06,49.85
958.56,49.80
959.06,49.65
959.56,49.90
960.06,49.80
960.56,49.81
961.06,49.80
961.56,49.90
962.06,49.54
962.56,49.73
963.06,49.93
963.56,49.99
964.06,49.74
964.56,49.95
965.06,49.62
965.56,49.78
966.06,49.72
966.56,49.83
967.06,49.89
967.56,49.70
968.06,50.13
968.56,49.96
969.06,49.72
969.56,49.78
970.06,49.84
970.56,49.83
971.06,49.79
971.56,49.56
972.06,49.77
972.56,49.70
973.06,49.83
973.56,49.79
974.06,49.67
974.56,49.76
975.06,49.56
975.56,50.00
976.06,49.74
976.56,49.93
977.06,49.82
977.56,49.95
978.06,49.66
978.56,49.73
979.06,49.82
979.56,49.66
980.06,49.81
980.56,49.89
981.06,49.97
981.56,49.70
982.06,49.75
982.56,49.97
983.06,49.65
983.56,49.90
984.06,49.89
984.56,49.84
985.06,49.76
985.56,49.94
986.06,49.72
986.56,49.87
987.06,49.74
987.56,49.95
988.06,49.80
988.56,49.89
989.06,49.83
989.56,49.79
990.06,49.90
990.56,49.83
991.06,49.83
991.56,49.82
992.06,49.82
992.56,49.85
993.06,49.66
993.57,50.12
994.06,50.02
994.56,49.91
995.06,49.98
995.57,49.90
996.06,49.62
996.56,49.94
997.06,49.88
997.57,49.82
998.06,49.54
998.56,49.83
999.06,49.74
999.56,49.89
1000.06,50.13
1000.56,49.76
1001.06,49.96
1001.56,49.83
1002.06,49.97
1002.56,49.95
1003.06,49.93
1003.56,49.72
1004.06,50.00
1004.56,49.84
1005.06,49.87
1005.56,49.94
1006.06,49.93
1006.56,49.92
1007.06,50.02
1007.56,49.72
1008.06,49.89
1008.56,49.98
1009.06,49.86
1009.56,50.09
1010.06,49.78
1010.56,49.80
1011.06,49.86
1011.56,49.87
1012.06,49.96
1012.56,49.77
1013.06,49.93
1013.56,49.82
1014.06,49.71
1014.56,49.82
1015.06,49.92
1015.56,49.87
1016.06,49.88
1016.56,49.95
1017.06,49.83
1017.56,49.87
1018.06,49.73
1018.56,49.85
1019.06,49.67
1019.56,49.92
1020.06,50.01
1020.56,49.84
1021.06,50.26
1021.56,49.83
1022.06,50.00
1022.56,49.97
1023.06,49.97
1023.56,49.94
1024.06,49.88
1024.56,49.82
1025.06,49.89
1025.56,50.05
1026.06,50.00
1026.56,49.96
1027.06,49.83
1027.56,50.07
1028.06,49.95
1028.56,50.05
1029.06,49.84
1029.56,49.96
1030.06,49.95
1030.56,49.89
1031.06,49.90
1031.56,50.01
1032.06,49.69
1032.56,49.94
1033.06,49.78
1033.56,49.93
1034.06,49.91
1034.56,50.01
1035.06,49.91
1035.56,49.94
1036.06,50.00
1036.56,49.95
1037.06,50.03
1037.56,50.04
1038.06,49.99
1038.56,49.97
1039.06,50.03
1039.56,49.96
1040.06,49.90
1040.56,49.99
1041.06,50.07
1041.56,49.81
1042.06,50.10
1042.56,49.82
1043.06,49.93
1043.56,50.10
1044.06,50.12
1044.56,49.84
1045.06,49.82
1045.56,49.90
1046.06,50.10
1046.56,49.98
1047.06,49.98
1047.56,49.93
1048.06,50.07
1048.56,50.08
1049.06,49.92
1049.56,50.05
1050.06,49.97
1050.56,50.04
1051.06,50.04
1051.56,50.04
1052.06,50.21
1052.56,49.91
1053.06,49.74
1053.56,50.06
1054.06,49.97
1054.56,50.27
1055.06,50.48
1055.56,50.15
1056.06,49.98
1056.56,50.02
1057.06,50.03
1057.56,50.00
1058.06,49.76
1058.56,50.14
1059.06,50.13
1059.56,49.76
1060.06,49.95
1060.56,49.93
1061.06,49.91
1061.56,49.89
1062.06,49.98
1062.56,50.12
1063.06,49.88
1063.56,50.13
1064.06,49.88
1064.56,50.01
1065.06,49.80
1065.56,49.91
1066.06,49.89
1066.56,50.08
1067.06,49.85
1067.56,50.10
1068.06,50.11
1068.56,50.10
1069.06,50.01
1069.56,50.11
1070.06,50.09
1070.56,50.13
1071.06,50.02
1071.56,50.07
1072.06,50.01
1072.56,50.14
1073.06,50.40
1073.56,50.15
1074.06,50.10
1074.56,49.89
1075.06,50.07
1075.56,50.15
1076.06,50.06
1076.56,49.97
1077.06,50.11
1077.56,50.24
1078.06,50.07
1078.56,50.19
1079.06,50.15
1079.56,50.14
1080.06,49.98
1080.56,49.91
1081.06,50.21
1081.56,50.16
1082.06,49.98
1082.56,50.24
1083.06,49.98
1083.56,50.28
1084.06,50.03
1084.56,50.12
1085.06,50.14
1085.56,50.10
1086.06,50.25
1086.56,50.11
1087.06,50.04
1087.56,50.30
1088.06,50.08
1088.56,50.09
1089.06,50.04
1089.56,50.23
1090.06,50.09
1090.56,50.21
1091.06,50.18
1091.56,50.20
1092.06,49.86
1092.56,50.06
1093.06,50.38
1093.56,50.21
1094.06,50.26
1094.56,50.25
1095.06,50.04
1095.56,50.11
1096.06,50.15
1096.56,50.03
1097.06,50.44
1097.56,50.09
1098.06,50.08
1098.56,50.21
1099.06,50.08
1099.56,50.06
1100.06,50.05
1100.56,50.00
1101.06,50.17
1101.56,50.11
1102.06,50.23
1102.56,50.36
1103.06,49.97
1103.56,50.13
1104.06,50.09
1104.56,50.42
1105.06,50.11
1105.56,50.11
1106.06,50.17
1106.56,49.93
1107.06,50.08
1107.56,49.99
1108.06,50.23
1108.56,50.13
1109.06,50.27
1109.56,50.20
1110.06,50.19
1110.56,50.10
1111.06,50.02
1111.56,50.16
1112.06,49.85
1112.56,50.19
1113.06,49.93
1113.56,49.72
1114.06,50.24
1114.56,50.26
1115.06,50.15
1115.56,50.09
1116.06,50.19
1116.56,49.99
1117.06,50.06
1117.56,50.23
1118.06,50.14
1118.56,50.19
1119.06,50.14
1119.56,50.08
1120.06,50.24
1120.56,50.15
1121.06,50.18
1121.56,49.97
1122.06,50.11
1122.56,49.82
1123.06,50.17
1123.56,50.12
1124.06,50.27
1124.56,50.36
1125.06,50.22
1125.56,50.10
1126.06,50.11
1126.56,50.16
1127.06,50.15
1127.56,50.17
1128.06,50.34
1128.56,50.46
1129.06,50.15
1129.56,50.22
1130.06,49.99
1130.56,50.34
1131.06,50.13
1131.56,50.15
1132.06,50.17
1132.56,50.29
1133.06,50.38
1133.56,50.34
1134.06,50.23
1134.56,50.05
1135.06,50.18
1135.56,50.18
1136.06,50.19
1136.56,50.18
1137.06,50.31
1137.56,50.14
1138.06,50.51
1138.56,50.15
1139.06,50.18
1139.56,50.04
1140.06,50.20
1140.56,49.99
1141.06,50.18
1141.56,50.28
1142.06,50.28
1142.56,50.24
1143.06,50.30
1143.56,50.23
1144.06,50.33
1144.56,50.49
1145.06,50.14
1145.56,50.16
1146.06,50.04
1146.56,50.49
1147.06,50.23
1147.56,50.16
1148.06,50.19
1148.56,50.49
1149.06,50.19
1149.56,50.29
1150.06,50.22
1150.56,50.27
1151.06,50.23
1151.56,50.34
1152.06,50.28
1152.56,50.28
1153.06,50.09
1153.56,50.09
1154.06,50.35
1154.56,50.41
1155.06,50.35
1155.56,50.34
1156.06,50.38
1156.56,50.34
1157.06,50.17
1157.56,50.50
1158.06,50.34
1158.56,50.25
1159.06,50.28
1159.56,50.27
1160.06,50.23
1160.56,50.29
1161.06,50.42
1161.56,50.23
1162.06,50.28
1162.56,50.28
1163.06,50.23
1163.56,50.43
1164.06,50.46
1164.56,50.34
1165.06,50.28
1165.56,50.20
1166.06,50.31
1166.56,50.25
1167.06,50.47
1167.56,50.28
1168.06,50.19
1168.56,50.28
1169.06,50.24
1169.56,50.25
1170.06,50.57
1170.56,50.38
1171.06,50.33
1171.56,50.51
1172.06,50.48
1172.56,50.32
1173.06,50.32
1173.56,50.25
1174.06,50.44
1174.56,50.37
1175.06,50.35
1175.56,50.75
1176.06,50.30
1176.56,50.41
1177.06,50.36
1177.56,50.46
1178.06,50.51
1178.56,50.46
1179.06,50.25
1179.56,50.38
1180.06,50.22
1180.56,50.37
1181.06,50.44
1181.56,50.28
1182.06,50.47
1182.56,50.22
1183.06,50.41
1183.56,50.27
1184.06,50.37
1184.56,50.37
1185.06,50.54
1185.56,50.71
1186.06,50.39
1186.56,50.41
1187.06,50.30
1187.56,50.38
1188.06,50.27
1188.56,50.36
1189.06,50.24
1189.56,50.48
1190.06,50.48
1190.56,50.41
1191.06,50.43
1191.56,50.42
1192.06,50.40
1192.56,50.53
1193.06,50.24
1193.56,50.46
1194.06,50.39
1194.56,50.45
1195.06,50.36
1195.56,50.32
1196.06,50.39
1196.56,50.32
1197.06,50.26
1197.56,50.33
1198.06,50.49
1198.56,50.35
1199.06,50.29
1199.56,50.33
1200.06,50.43
1200.56,50.43
1201.06,50.33
1201.56,50.42
1202.06,50.43
1202.56,50.57
1203.06,50.39
1203.56,50.55
1204.06,50.45
1204.56,50.56
1205.06,50.68
1205.56,50.27
1206.06,50.56
1206.56,50.41
1207.06,50.48
1207.56,50.25
1208.06,50.44
1208.56,50.37
1209.06,50.48
1209.56,50.34
1210.06,50.39
1210.56,50.43
1211.06,50.59
1211.56,50.27
1212.06,50.62
1212.56,50.42
1213.06,50.30
1213.56,50.41
1214.06,50.42
1214.56,50.43
1215.06,50.48
1215.56,50.28
1216.06,50.43
1216.56,50.40
1217.06,50.59
1217.56,50.45
1218.06,50.32
1218.56,50.37
1219.06,50.36
1219.56,50.48
1220.06,50.44
1220.56,50.35
1221.06,50.40
1221.56,50.33
1222.06,50.43
1222.56,50.51
1223.06,50.75
1223.56,50.49
1224.06,50.56
1224.56,50.25
1225.06,50.62
1225.56,50.43
1226.06,50.52
1226.56,50.24
1227.06,50.49
1227.56,50.51
1228.06,50.70
1228.56,50.55
1229.06,50.39
1229.56,50.46
1230.06,50.65
1230.56,50.42
1231.06,50.44
1231.56,50.57
1232.06,50.35
1232.56,50.50
1233.06,50.55
1233.56,50.44
1234.06,50.57
1234.56,50.55
1235.06,50.35
1235.56,50.44
1236.06,50.44
1236.56,50.61
1237.06,50.50
1237.56,50.49
1238.06,50.60
1238.56,50.42
1239.06,50.59
1239.56,50.47
1240.06,50.43
1240.56,50.51
1241.06,50.55
1241.56,50.68
1242.06,50.58
1242.56,50.45
1243.06,50.44
1243.56,50.54
1244.06,50.51
1244.56,50.57
1245.06,50.56
1245.56,50.62
1246.06,50.60
1246.56,50.26
1247.06,50.55
1247.56,50.82
1248.06,50.46
1248.56,50.54
1249.06,50.47
1249.56,50.62
1250.06,50.57
1250.56,50.56
1251.06,50.59
1251.56,50.36
1252.06,50.52
1252.56,50.55
1253.06,50.28
1253.56,50.57
1254.06,50.53
1254.56,50.51
1255.06,50.40
1255.56,50.75
1256.06,50.45
1256.56,50.38
1257.06,50.61
1257.56,50.43
1258.06,50.58
1258.56,50.57
1259.06,50.66
1259.56,50.55
1260.06,50.48
1260.56,50.55
1261.06,50.80
1261.56,50.59
1262.06,50.64
1262.56,50.61
1263.06,50.48
1263.56,50.48
1264.06,50.56
1264.56,50.68
1265.06,50.75
1265.56,50.58
1266.06,50.49
1266.56,50.49
1267.06,50.63
1267.56,50.40
1268.06,50.55
1268.56,50.67
1269.06,50.45
1269.56,50.43
1270.06,50.67
1270.56,50.42
1271.06,50.78
1271.56,50.63
1272.06,50.79
1272.56,50.45
1273.06,50.58
1273.56,50.71
1274.06,50.61
1274.56,50.57
1275.06,50.57
1275.56,50.76
1276.06,50.70
1276.56,50.62
1277.06,50.68
1277.56,50.74
1278.06,50.61
1278.56,50.58
1279.06,50.72
1279.56,50.59
1280.06,50.66
1280.56,50.59
1281.06,50.60
1281.56,50.68
1282.06,50.59
1282.56,50.63
1283.06,50.66
1283.56,50.57
1284.06,50.60
1284.56,50.71
1285.06,50.62
1285.56,50.65
1286.06,50.54
1286.56,50.73
1287.06,50.56
1287.56,50.59
1288.06,50.59
1288.56,50.66
1289.06,50.76
1289.56,50.62
1290.06,50.60
1290.56,50.60
1291.06,50.56
1291.56,50.64
1292.06,50.78
1292.56,50.65
1293.06,50.62
1293.56,50.63
1294.06,50.60
1294.56,50.93
1295.06,50.62
1295.56,50.81
1296.06,50.48
1296.56,50.41
1297.06,50.53
1297.56,50.71
1298.06,50.55
1298.56,50.85
1299.06,50.64
1299.56,50.78
1300.06,50.54
1300.56,50.60
1301.06,50.59
1301.56,50.56
1302.06,50.76
1302.56,50.75
1303.06,50.66
1303.56,50.70
1304.06,50.57
1304.56,50.67
1305.06,50.66
1305.56,50.64
1306.06,50.68
1306.56,50.50
1307.06,50.67
1307.56,50.44
1308.06,50.51
1308.56,50.79
1309.06,50.60
1309.56,50.62
1310.06,50.66
1310.56,50.75
1311.06,50.96
1311.56,50.65
1312.06,50.66
1312.56,50.66
1313.06,50.84
1313.56,50.63
1314.06,50.60
1314.56,50.81
1315.06,50.74
1315.56,50.75
1316.06,50.61
1316.56,50.74
1317.06,50.65
1317.56,50.65
1318.06,50.61
1318.56,50.55
1319.06,50.68
1319.56,50.82
1320.06,50.72
1320.56,50.70
1321.06,50.81
1321.56,50.83
1322.06,50.65
1322.56,50.69
1323.06,50.66
1323.56,50.71
1324.06,50.68
1324.56,50.62
1325.06,50.53
1325.56,50.61
1326.07,50.69
1326.56,50.90
1327.06,50.62
1327.56,51.07
1328.07,50.68
1328.56,50.81
1329.06,50.58
1329.56,50.63
1330.06,50.76
1330.56,50.58
1331.06,50.60
1331.56,50.43
1332.06,50.55
1332.56,50.71
1333.06,50.50
1333.56,50.71
1334.06,50.82
1334.56,50.62
1335.06,50.86
1335.56,50.71
1336.06,50.56
1336.56,50.67
1337.06,50.67
1337.56,50.41
1338.06,50.67
1338.56,50.69
1339.06,50.68
1339.56,50.67
1340.06,50.58
1340.56,50.59
1341.06,50.42
1341.56,50.66
1342.06,50.65
1342.56,50.64
1343.06,50.65
1343.56,50.69
1344.06,50.73
1344.56,50.51
1345.06,50.71
1345.56,50.62
1346.06,50.54
1346.56,50.77
1347.06,50.63
1347.56,50.65
1348.06,50.73
1348.56,50.47
1349.06,50.69
1349.56,50.58
1350.06,50.67
1350.56,50.68
1351.06,50.65
1351.56,50.57
1352.06,50.57
1352.56,50.56
1353.06,50.68
1353.56,50.37
1354.06,50.65
1354.56,50.67
1355.06,50.51
1355.56,50.62
1356.06,50.75
1356.56,50.61
1357.06,50.54
1357.56,50.64
1358.06,50.75
1358.56,50.67
1359.06,50.65
1359.56,50.89
1360.06,50.62
1360.56,50.62
1361.06,50.61
1361.56,50.86
1362.06,50.75
1362.56,50.75
1363.06,50.62
1363.56,50.53
1364.06,50.68
1364.56,50.53
1365.06,50.71
1365.56,50.65
1366.06,50.66
1366.56,50.68
1367.06,50.58
1367.56,50.48
1368.06,50.73
1368.56,50.67
1369.06,50.68
1369.56,50.60
1370.06,50.58
1370.56,50.65
1371.06,50.47
1371.56,51.20
1372.06,50.59
1372.56,50.82
1373.06,50.67
1373.56,50.72
1374.06,50.62
1374.56,50.65
1375.06,50.62
1375.56,50.71
1376.06,50.89
1376.56,50.65
1377.06,50.58
1377.56,50.54
1378.06,50.63
1378.56,50.75
1379.06,50.71
1379.56,50.74
1380.06,50.71
1380.56,50.69
1381.06,50.50
1381.56,50.72
1382.06,50.75
1382.56,50.64
1383.06,50.52
1383.56,50.56
1384.06,50.56
1384.56,50.54
1385.06,50.94
1385.56,50.57
1386.06,50.71
1386.56,50.65
1387.06,50.63
1387.56,50.55
1388.06,50.59
1388.56,50.68
1389.06,50.85
1389.56,50.83
1390.06,50.68
1390.56,50.74
1391.06,50.68
1391.56,50.27
1392.06,50.53
1392.56,50.71
1393.06,50.40
1393.56,50.65
1394.06,50.48
1394.56,50.38
1395.06,50.59
1395.56,50.68
1396.06,50.59
1396.56,50.71
1397.06,50.57
1397.56,50.75
1398.06,50.66
1398.56,50.58
1399.06,50.80
1399.56,50.67
1400.06,50.59
1400.56,51.13
1401.06,50.66
1401.56,50.66
1402.06,50.78
1402.56,50.71
1403.06,50.40
1403.56,50.57
1404.06,50.67
1404.56,50.73
1405.06,50.69
1405.56,50.70
1406.06,50.85
1406.56,50.91
1407.06,50.54
1407.56,50.82
1408.06,50.55
1408.56,50.44
1409.06,50.69
1409.56,50.63
1410.06,50.69
1410.56,50.69
1411.06,50.65
1411.56,50.39
1412.06,50.50
1412.56,50.68
1413.06,50.67
1413.56,50.61
1414.06,50.50
1414.56,50.67
1415.06,50.60
1415.56,50.55
1416.06,50.46
1416.56,50.86
1417.06,50.65
1417.56,50.62
1418.06,50.49
1418.56,50.71
1419.06,50.66
1419.56,50.39
1420.06,50.80
1420.56,50.60
1421.06,50.84
1421.56,50.75
1422.06,50.70
1422.56,50.71
1423.06,50.66
1423.56,50.80
1424.06,50.75
1424.56,50.70
1425.06,50.77
1425.56,50.90
1426.06,50.68
1426.56,50.55
1427.06,50.59
1427.56,50.72
1428.06,50.64
1428.56,50.67
1429.06,50.69
1429.56,50.61
1430.06,50.63
1430.56,50.65
1431.06,50.84
1431.56,50.69
1432.06,50.56
1432.56,50.70
1433.06,50.69
1433.56,50.68
1434.06,50.62
1434.56,50.61
1435.06,50.81
1435.56,50.68
1436.06,50.74
1436.56,50.48
1437.06,50.81
1437.56,50.77
1438.06,50.71
1438.56,50.85
1439.06,50.53
1439.56,50.62
1440.06,50.58
1440.56,50.75
1441.06,50.56
1441.56,50.61
1442.06,50.63
1442.56,50.68
1443.06,50.68
1443.56,50.47
1444.06,50.61
1444.56,50.51
1445.06,50.58
1445.56,50.61
1446.06,50.73
1446.56,50.79
1447.06,50.57
1447.56,50.68
1448.06,50.68
1448.56,51.02
1449.06,50.79
1449.56,50.79
1450.06,50.70
1450.56,50.64
1451.06,50.56
1451.56,50.67
1452.06,50.63
1452.56,50.74
1453.06,50.54
1453.56,50.79
1454.06,50.52
1454.56,50.75
1455.06,50.93
1455.56,50.74
1456.06,50.65
1456.56,50.65
1457.06,50.64
1457.56,50.66
1458.06,50.74
1458.56,50.70
1459.06,50.66
1459.56,50.54
1460.06,50.64
1460.56,50.74
1461.06,50.65
1461.56,50.58
1462.06,50.67
1462.56,50.71
1463.06,50.53
1463.56,50.73
1464.06,50.64
1464.56,50.82
1465.06,50.68
1465.56,50.67
1466.06,50.68
1466.56,50.78
1467.06,50.37
1467.56,50.74
1468.06,50.70
1468.56,50.70
1469.06,50.82
1469.56,51.02
1470.06,50.59
1470.56,50.65
1471.06,50.82
1471.56,50.68
1472.06,50.60
1472.56,50.59
1473.06,50.66
1473.56,50.58
1474.06,50.64
1474.56,50.74
1475.06,50.71
1475.56,50.70
1476.06,50.75
1476.56,50.66
1477.06,50.66
1477.56,50.74
1478.06,50.72
1478.56,50.58
1479.06,50.75
1479.56,50.70
1480.06,50.75
1480.56,50.68
1481.06,50.69
1481.56,50.83
1482.06,50.71
1482.56,50.67
1483.06,50.75
1483.56,50.61
1484.06,50.61
1484.56,50.88
1485.06,50.74
1485.56,50.82
1486.06,50.75
1486.56,50.60
1487.06,50.55
1487.56,50.71
1488.06,50.58
1488.56,50.81
1489.06,50.63
1489.56,50.84
1490.06,50.64
1490.56,50.58
1491.06,50.77
1491.56,50.76
1492.06,50.63
1492.56,50.63
1493.06,50.66
1493.56,50.68
1494.06,50.70
1494.56,50.51
1495.06,50.64
1495.56,50.63
1496.06,50.60
1496.56,50.93
1497.06,50.64
1497.56,50.79
1498.06,50.61
1498.56,50.46
1499.06,50.93
1499.56,51.05
1500.06,50.70
1500.56,50.67
1501.06,50.75
1501.56,50.62
1502.06,50.64
1502.56,50.64
1503.06,50.74
1503.56,50.65
1504.06,50.70
1504.56,50.68
1505.06,50.85
1505.56,50.66
1506.06,50.75
1506.56,50.52
1507.06,50.67
1507.56,50.81
1508.06,50.60
1508.56,50.65
1509.06,50.65
1509.56,50.85
1510.06,50.72
1510.56,50.69
1511.06,50.83
1511.56,50.38
1512.06,50.65
1512.56,50.65
1513.06,50.59
1513.56,50.77
1514.06,50.68
1514.56,50.82
1515.06,50.67
1515.56,50.75
1516.06,50.76
1516.56,50.73
1517.06,50.76
1517.56,51.03
1518.06,50.88
1518.56,50.69
1519.06,50.56
1519.56,50.59
1520.06,50.67
1520.56,50.69
1521.06,50.70
1521.56,50.64
1522.06,50.74
1522.56,50.71
1523.06,50.76
1523.56,50.65
1524.06,50.65
1524.56,50.77
1525.06,50.56
1525.56,50.78
1526.06,50.69
1526.56,50.66
1527.06,50.72
1527.56,50.64
1528.06,50.79
1528.56,50.84
1529.06,50.75
1529.56,50.55
1530.06,50.74
1530.56,50.65
1531.06,50.63
1531.56,50.68
1532.06,50.74
1532.56,50.82
1533.06,50.59
1533.56,50.71
1534.06,50.70
1534.56,50.75
1535.06,50.70
1535.56,50.73
1536.06,50.63
1536.56,50.73
1537.06,50.75
1537.56,50.73
1538.06,50.71
1538.56,50.52
1539.06,50.76
1539.56,50.61
1540.06,50.68
1540.56,50.81
1541.06,50.62
1541.56,50.60
1542.06,50.89
1542.56,50.75
1543.06,50.79
1543.56,50.55
1544.06,50.64
1544.56,50.81
1545.06,50.77
1545.56,50.68
1546.06,50.50
1546.56,50.66
1547.06,50.81
1547.56,50.85
1548.06,50.72
1548.56,50.54
1549.06,50.58
1549.56,50.68
1550.06,50.72
1550.56,50.77
1551.06,50.79
1551.56,50.62
1552.06,50.69
1552.56,50.72
1553.06,50.73
1553.56,50.77
1554.06,50.62
1554.56,50.61
1555.06,50.93
1555.56,50.92
1556.06,50.69
1556.56,50.70
1557.06,50.67
1557.56,50.67
1558.06,50.68
1558.56,50.63
1559.06,50.71
1559.56,50.59
1560.06,50.85
1560.56,50.90
1561.06,50.69
1561.56,50.67
1562.06,50.76
1562.56,50.62
1563.06,50.79
1563.56,50.71
1564.06,50.63
1564.56,50.69
1565.06,50.70
1565.56,50.71
1566.06,50.75
1566.56,50.74
1567.06,50.72
1567.56,50.48
1568.06,50.76
1568.56,50.75
1569.06,50.68
1569.56,50.61
1570.06,50.69
1570.56,50.74
1571.06,50.78
1571.56,50.67
1572.06,50.70
1572.56,50.86
1573.06,50.75
1573.56,50.74
1574.06,50.77
1574.56,50.75
1575.06,50.73
1575.56,50.62
1576.06,50.75
1576.56,50.83
1577.06,50.80
1577.56,50.67
1578.06,50.75
1578.56,50.59
1579.06,50.72
1579.56,50.69
1580.06,50.91
1580.56,50.77
1581.06,50.79
1581.56,50.72
1582.06,50.82
1582.56,50.81
1583.06,50.69
1583.56,50.60
1584.06,50.94
1584.56,50.64
1585.06,50.61
1585.56,50.65
1586.06,50.67
1586.56,50.73
1587.06,50.82
1587.56,50.84
1588.06,50.82
1588.56,50.66
1589.06,50.89
1589.56,50.65
1590.06,50.72
1590.56,50.63
1591.06,50.74
1591.56,50.58
1592.06,50.64
1592.56,50.73
1593.06,50.92
1593.56,50.78
1594.06,50.59
1594.56,50.66
1595.06,50.60
1595.56,50.80
1596.06,50.58
1596.56,50.71
1597.06,50.76
1597.56,50.83
1598.06,50.70
1598.56,50.66
1599.06,50.68
1599.56,50.69
1600.06,50.65
1600.56,50.82
1601.06,50.70
1601.56,50.82
1602.06,50.77
1602.56,50.87
1603.06,50.72
1603.56,50.72
1604.06,50.73
1604.56,50.75
1605.06,50.70
1605.56,50.67
1606.06,50.98
1606.56,50.67
1607.06,50.77
1607.56,50.90
1608.06,50.75
1608.56,50.82
1609.06,50.51
1609.56,50.74
1610.06,50.82
1610.56,50.77
1611.06,50.80
1611.56,50.81
1612.06,50.69
1612.56,50.79
1613.06,50.55
1613.56,50.79
1614.06,50.78
1614.56,50.79
1615.06,50.92
1615.56,50.75
1616.06,50.79
1616.56,50.98
1617.06,50.74
1617.56,50.83
1618.06,50.67
1618.56,50.74
1619.06,50.70
1619.56,50.77
1620.06,50.56
1620.56,50.84
1621.06,50.75
1621.56,50.72
1622.06,50.93
1622.56,50.79
1623.06,50.85
1623.56,50.68
1624.06,50.68
1624.56,50.65
1625.06,50.76
1625.56,50.88
1626.06,50.86
1626.56,50.83
1627.06,50.77
1627.56,50.94
1628.06,50.71
1628.56,50.93
1629.06,50.76
1629.56,50.72
1630.06,50.99
1630.56,50.75
1631.06,51.01
1631.56,50.75
1632.06,50.82
1632.56,50.77
1633.06,50.36
1633.56,50.82
1634.06,50.62
1634.56,50.65
1635.06,50.70
1635.56,50.61
1636.06,50.94
1636.56,50.65
1637.06,50.73
1637.56,51.08
1638.06,50.64
1638.56,50.78
1639.06,50.85
1639.56,50.85
1640.06,50.75
1640.56,50.92
1641.06,51.09
1641.56,50.77
1642.06,50.71
1642.56,50.59
1643.06,50.67
1643.56,50.68
1644.06,50.63
1644.56,50.80
1645.06,50.86
1645.56,50.76
1646.06,50.87
1646.56,50.79
1647.06,50.59
1647.56,50.86
1648.06,50.84
1648.56,50.67
1649.06,50.46
1649.56,51.03
1650.06,50.56
1650.56,50.82
1651.06,50.61
1651.56,50.59
1652.06,51.11
1652.56,50.64
1653.06,50.72
1653.56,50.71
1654.06,50.43
1654.56,50.80
1655.06,50.99
1655.56,50.85
1656.06,50.98
1656.56,50.80
1657.06,50.56
1657.56,50.72
1658.06,50.65
1658.56,50.82
1659.06,51.10
1659.56,50.88
1660.06,50.69
1660.56,50.62
1661.06,50.70
1661.56,50.75
1662.06,50.78
1662.57,50.77
1663.06,50.56
1663.56,50.74
1664.06,50.82
1664.57,50.86
1665.06,50.76
1665.56,50.82
1666.06,50.78
1666.57,50.85
1667.06,50.72
1667.56,50.76
1668.06,50.48
1668.56,50.62
1669.06,50.90
1669.56,50.81
1670.06,50.84
1670.56,50.78
1671.06,50.80
1671.56,50.77
1672.06,50.71
1672.56,50.76
1673.06,50.58
1673.56,50.76
1674.06,50.59
1674.56,50.92
1675.06,50.87
1675.56,50.87
1676.06,50.67
1676.56,50.80
1677.06,50.66
1677.56,50.87
1678.06,50.75
1678.56,50.74
1679.06,50.73
1679.56,50.82
1680.06,50.75
1680.56,50.79
1681.06,50.80
1681.56,50.85
1682.06,51.09
1682.56,50.83
1683.06,51.07
1683.56,50.72
1684.06,50.74
1684.56,50.74
1685.06,50.59
1685.56,50.87
1686.06,50.74
1686.56,50.76
1687.06,50.52
1687.56,50.64
1688.06,50.78
1688.56,50.73
1689.06,50.84
1689.56,50.62
1690.06,50.89
1690.56,50.79
1691.06,50.68
1691.56,50.77
1692.06,50.85
1692.56,50.70
1693.06,51.06
1693.56,50.69
1694.06,51.01
1694.56,50.88
1695.06,50.78
1695.56,50.81
1696.06,50.82
1696.56,50.66
1697.06,50.79
1697.56,50.51
1698.06,50.72
1698.56,50.85
1699.06,50.80
1699.56,50.99
1700.06,50.81
1700.56,50.65
1701.06,50.88
1701.56,51.10
1702.06,50.69
1702.56,50.60
1703.06,50.85
1703.56,50.76
1704.06,50.82
1704.56,50.75
1705.06,50.74
1705.56,50.64
1706.06,50.78
1706.56,50.80
1707.06,50.96
1707.56,50.81
1708.06,50.61
1708.56,50.81
1709.06,50.72
1709.56,50.69
1710.06,50.66
1710.56,50.80
1711.06,51.00
1711.56,51.03
1712.06,50.88
1712.56,50.72
1713.06,50.71
1713.56,50.64
1714.06,50.76
1714.56,50.77
1715.06,50.94
1715.56,50.67
1716.06,50.78
1716.56,50.86
1717.06,50.77
1717.56,50.87
1718.06,50.76
1718.56,50.75
1719.06,50.82
1719.56,50.82
1720.06,50.65
1720.56,50.79
1721.06,50.78
1721.56,50.65
1722.06,50.74
1722.56,50.73
1723.06,50.60
1723.56,50.84
1724.06,50.68
1724.56,50.95
1725.06,50.67
1725.56,50.84
1726.06,50.76
1726.56,50.76
1727.06,50.85
1727.56,50.59
1728.06,50.67
1728.56,50.61
1729.06,50.82
1729.56,50.63
1730.06,50.74
1730.56,50.88
1731.06,50.86
1731.56,50.67
1732.06,50.95
1732.56,50.69
1733.06,51.00
1733.56,50.77
1734.06,50.76
1734.56,50.44
1735.06,50.58
1735.56,50.22
1736.06,50.60
1736.56,50.84
1737.06,50.60
1737.56,50.80
1738.06,50.27
1738.56,50.64
1739.06,50.65
1739.56,50.69
1740.06,50.80
1740.56,50.73
1741.06,50.80
1741.56,50.76
1742.06,50.65
1742.56,50.77
1743.06,50.68
1743.56,50.45
1744.06,50.80
1744.56,50.75
1745.06,51.04
1745.56,50.73
1746.06,50.62
1746.56,50.73
1747.06,50.76
1747.56,50.98
1748.06,50.76
1748.56,50.85
1749.06,50.77
1749.56,50.72
1750.06,50.77
1750.56,50.78
1751.06,50.84
1751.56,50.72
1752.06,50.62
1752.56,50.83
1753.06,50.80
1753.56,51.03
1754.06,50.72
1754.56,50.66
1755.06,50.89
1755.56,50.74
1756.06,50.85
1756.56,50.75
1757.06,50.91
1757.56,50.70
1758.06,50.79
1758.56,50.79
1759.06,51.01
1759.56,50.73
1760.06,50.94
1760.56,50.69
1761.06,50.77
1761.56,50.97
1762.06,51.15
1762.56,50.75
1763.06,51.06
1763.56,50.69
1764.06,50.76
1764.56,50.82
1765.06,50.79
1765.56,50.86
1766.06,50.82
1766.56,50.70
1767.06,50.65
1767.56,50.83
1768.06,50.77
1768.56,50.97
1769.06,50.64
1769.56,50.74
1770.06,50.89
1770.56,50.71
1771.06,50.81
1771.56,51.09
1772.06,50.74
1772.56,50.75
1773.06,50.70
1773.56,50.66
1774.06,50.81
1774.56,50.81
1775.06,50.93
1775.56,50.88
1776.06,51.00
1776.56,50.78
1777.06,50.69
1777.56,50.84
1778.06,50.81
1778.56,50.63
1779.06,50.79
1779.56,50.71
1780.06,50.86
1780.56,50.74
1781.06,50.79
1781.56,50.77
1782.06,50.80
1782.56,50.78
1783.06,50.86
1783.56,50.79
1784.06,50.89
1784.56,50.91
1785.06,50.82
1785.56,50.82
1786.06,50.83
1786.56,50.75
1787.06,51.08
1787.56,50.74
1788.06,50.78
1788.56,50.57
1789.06,50.79
1789.56,50.81
1790.06,50.75
1790.56,50.88
1791.06,50.68
1791.56,50.72
1792.06,50.83
1792.56,50.78
1793.06,50.93
1793.56,50.71
1794.06,50.74
1794.56,50.76
1795.06,50.93
1795.56,50.82
1796.06,50.78
1796.56,50.80
1797.06,50.92
1797.56,50.73
1798.06,50.62
1798.56,50.75
1799.06,50.93
1799.56,50.69
1800.06,50.85
1800.56,50.78
1801.06,50.74
1801.56,51.01
1802.06,50.58
1802.56,50.82
1803.06,50.69
1803.56,50.84
1804.06,50.73
1804.56,50.88
1805.06,50.78
1805.56,50.97
1806.06,50.73
1806.56,50.75
1807.06,50.98
1807.56,50.80
1808.06,50.72
1808.56,50.97
1809.06,51.20
1809.56,50.75
1810.06,50.64
1810.56,51.07
1811.06,50.79
1811.56,50.78
1812.06,50.77
1812.56,50.84
1813.06,50.78
1813.56,50.87
1814.06,50.74
1814.56,51.00
1815.06,50.71
1815.56,50.88
1816.06,51.00
1816.56,50.75
1817.06,50.56
1817.56,50.75
1818.06,50.70
1818.56,50.89
1819.06,50.89
1819.56,50.67
1820.06,50.72
1820.56,50.80
1821.06,50.85
1821.56,50.94
1822.06,50.88
1822.56,50.71
1823.06,50.92
1823.56,50.93
1824.06,50.62
1824.56,51.05
1825.06,50.78
1825.56,50.77
1826.06,50.92
1826.56,50.85
1827.06,50.90
1827.56,50.71
1828.06,50.72
1828.56,50.75
1829.06,50.81
1829.56,50.89
1830.06,50.92
1830.56,50.98
1831.06,50.82
1831.56,50.80
1832.06,50.77
1832.56,50.82
1833.06,50.82
1833.56,50.83
1834.06,50.87
1834.56,50.75
1835.06,50.87
1835.56,50.90
1836.06,50.92
1836.56,50.67
1837.06,50.74
1837.56,50.91
1838.06,50.98
1838.56,51.08
1839.06,50.73
1839.56,50.89
1840.06,50.80
1840.56,50.75
1841.06,50.65
1841.56,50.65
1842.06,50.84
1842.56,50.80
1843.06,50.67
1843.56,50.93
1844.06,50.79
1844.56,50.87
1845.06,50.75
1845.56,50.90
1846.06,50.79
1846.56,50.90
1847.06,50.82
1847.56,50.67
1848.06,50.76
1848.56,50.95
1849.06,50.91
1849.56,50.93
1850.06,50.96
1850.56,50.82
1851.06,51.11
1851.56,50.79
1852.06,50.78
1852.56,50.78
1853.06,50.77
1853.56,50.90
1854.06,50.78
1854.56,50.85
1855.06,50.91
1855.56,50.99
1856.06,50.78
1856.56,50.88
1857.06,50.84
1857.56,50.76
1858.06,50.93
1858.56,50.81
1859.06,50.86
1859.56,51.08
1860.06,50.78
1860.56,50.82
1861.06,50.85
1861.56,50.83
1862.06,50.71
1862.56,50.70
1863.06,50.71
1863.56,50.74
1864.06,50.95
1864.56,50.84
1865.06,50.76
1865.56,50.60
1866.06,50.85
1866.56,50.78
1867.06,50.77
1867.56,50.82
1868.06,50.88
1868.56,50.90
1869.06,50.94
1869.56,50.74
1870.06,50.85
1870.56,50.74
1871.06,50.85
1871.56,50.87
1872.06,50.87
1872.56,50.74
1873.06,50.88
1873.56,50.94
1874.06,50.85
1874.56,50.80
1875.06,50.58
1875.56,50.82
1876.06,50.81
1876.56,50.84
1877.06,50.80
1877.56,50.72
1878.06,50.84
1878.56,50.82
1879.06,50.73
1879.56,50.90
1880.06,50.81
1880.56,50.77
1881.06,50.82
1881.56,50.71
1882.06,50.55
1882.56,50.90
1883.06,50.70
1883.56,50.94
1884.06,50.80
1884.56,50.85
1885.06,50.84
1885.56,50.88
1886.06,50.83
1886.56,50.75
1887.06,50.82
1887.56,50.88
1888.06,50.99
1888.56,50.78
1889.06,51.01
1889.56,50.85
1890.06,50.87
1890.56,50.76
1891.06,50.86
1891.56,50.79
1892.06,50.82
1892.56,50.95
1893.06,50.78
1893.56,50.76
1894.06,50.87
1894.56,50.81
1895.06,50.85
1895.56,50.97
1896.06,50.90
1896.56,50.72
1897.06,51.08
1897.56,50.92
1898.06,51.09
1898.56,50.84
1899.06,50.77
1899.56,50.85
1900.06,50.96
1900.56,50.78
1901.06,50.84
1901.56,50.77
1902.06,50.84
1902.56,50.74
1903.06,50.91
1903.56,50.57
1904.06,50.87
1904.56,50.81
1905.06,50.85
1905.56,50.80
1906.06,50.76
1906.56,50.71
1907.06,50.75
1907.56,50.91
1908.06,51.02
1908.56,50.73
1909.06,50.75
1909.56,50.78
1910.06,50.81
1910.56,50.82
1911.06,50.92
1911.56,50.82
1912.06,50.75
1912.56,50.91
1913.06,50.95
1913.56,50.99
1914.06,50.87
1914.56,50.73
1915.06,50.93
1915.56,50.88
1916.06,50.67
1916.56,50.85
1917.06,50.84
1917.56,50.81
1918.06,51.13
1918.56,50.87
1919.06,50.99
1919.56,50.94
1920.06,50.89
1920.56,50.62
1921.06,50.81
1921.56,50.85
1922.06,50.96
1922.56,50.94
1923.06,50.84
1923.56,50.70
1924.06,50.80
1924.56,50.76
1925.06,50.89
1925.56,50.81
1926.06,50.78
1926.56,50.90
1927.06,50.92
1927.56,50.88
1928.06,50.82
1928.56,50.82
1929.06,50.98
1929.56,51.08
1930.06,50.88
1930.56,50.84
1931.06,50.81
1931.56,50.65
1932.06,50.85
1932.56,50.94
1933.06,50.89
1933.56,50.81
1934.06,50.83
1934.56,50.94
1935.06,50.82
1935.56,50.92
1936.06,50.74
1936.56,50.83
1937.06,50.72
1937.56,50.77
1938.06,50.68
1938.56,51.06
1939.06,50.82
1939.56,50.78
1940.06,50.76
1940.56,50.87
1941.06,51.24
1941.56,50.86
1942.06,50.77
1942.56,50.82
1943.06,50.80
1943.56,50.86
1944.06,50.90
1944.56,50.80
1945.06,51.01
1945.56,50.70
1946.06,51.14
1946.56,50.69
1947.06,50.90
1947.56,50.66
1948.06,50.76
1948.56,50.77
1949.06,50.87
1949.56,50.75
1950.06,50.83
1950.56,50.68
1951.06,50.88
1951.56,50.74
1952.06,50.70
1952.56,50.78
1953.06,50.68
1953.56,50.79
1954.06,50.86
1954.56,50.80
1955.06,50.85
1955.56,51.11
1956.06,50.70
1956.56,50.92
1957.06,50.65
1957.56,50.82
1958.06,50.93
1958.56,50.68
1959.06,50.84
1959.56,50.82
1960.06,50.77
1960.56,51.02
1961.06,50.99
1961.56,50.89
1962.06,50.78
1962.56,50.86
1963.06,50.68
1963.56,50.75
1964.06,50.92
1964.56,50.82
1965.06,50.73
1965.56,50.80
1966.06,51.07
1966.56,51.24
1967.06,50.83
1967.56,50.71
1968.06,50.86
1968.56,51.15
1969.06,50.77
1969.56,50.83
1970.06,50.69
1970.56,50.67
1971.06,50.82
1971.56,50.77
1972.06,50.73
1972.56,51.05
1973.06,50.83
1973.56,50.58
1974.06,50.72
1974.56,50.95
1975.06,50.93
1975.56,50.87
1976.06,50.65
1976.56,50.87
1977.06,50.80
1977.56,50.82
1978.06,50.67
1978.56,50.57
1979.06,50.78
1979.56,50.88
1980.06,51.01
1980.56,50.80
1981.06,50.93
1981.56,50.39
1982.06,50.84
1982.56,50.93
1983.06,50.84
1983.56,50.88
1984.06,50.66
1984.56,50.88
1985.06,50.85
1985.56,50.87
1986.06,50.81
1986.56,51.04
1987.06,50.77
1987.56,51.02
1988.06,50.80
1988.56,50.96
1989.06,51.00
1989.56,50.58
1990.06,50.84
1990.56,50.78
1991.06,50.83
1991.56,50.74
1992.06,51.03
1992.56,50.66
1993.06,50.81
1993.56,50.91
1994.06,51.17
1994.56,50.82
1995.06,50.94
1995.56,50.57
1996.06,50.79
1996.56,50.67
1997.07,50.74
1997.56,50.81
1998.06,51.07
1998.56,50.77
1999.07,50.87
1999.56,50.78
2000.06,50.73
2000.56,51.00
2001.07,50.99
2001.56,50.97
2002.06,50.90
2002.56,50.93
2003.06,50.81
2003.56,50.84
2004.06,50.83
2004.56,50.65
2005.06,50.87
2005.56,50.87
2006.06,50.94
2006.56,50.92
2007.06,50.84
2007.56,50.41
2008.06,50.86
2008.56,50.86
2009.06,50.94
2009.56,51.00
2010.06,50.83
2010.56,50.91
2011.06,50.86
2011.56,50.84
2012.06,50.98
2012.56,50.86
2013.06,50.82
2013.56,50.82
2014.06,50.85
2014.56,50.89
2015.06,50.81
2015.56,50.61
2016.06,50.63
2016.56,50.98
2017.06,50.93
2017.56,50.81
2018.06,50.81
2018.56,50.93
2019.06,50.68
2019.56,50.94
2020.06,50.83
2020.56,50.40
2021.06,50.93
2021.56,50.79
2022.06,50.76
2022.56,50.83
2023.06,50.97
2023.56,51.34
2024.06,50.94
2024.56,50.86
2025.06,50.96
2025.56,50.96
2026.06,50.91
2026.56,50.72
2027.06,50.97
2027.56,50.99
2028.06,50.65
2028.56,50.63
2029.06,50.84
2029.56,50.92
2030.06,50.94
2030.56,50.95
2031.06,50.87
2031.56,50.95
2032.06,50.89
2032.56,50.82
2033.06,50.89
2033.56,50.90
2034.06,51.22
2034.56,50.84
2035.06,50.77
2035.56,51.26
2036.06,50.91
2036.56,50.86
2037.06,51.07
2037.56,50.76
2038.06,50.67
2038.56,50.98
2039.06,50.91
2039.56,50.88
2040.06,50.71
2040.56,51.01
2041.06,50.89
2041.56,50.69
2042.06,50.69
2042.56,50.71
2043.06,50.94
2043.56,50.70
2044.06,51.09
2044.56,50.82
2045.06,50.92
2045.56,50.95
2046.06,50.64
2046.56,50.83
2047.06,50.63
2047.56,50.95
2048.06,50.98
2048.56,50.85
2049.06,50.85
2049.56,50.96
2050.06,50.83
2050.56,50.78
2051.06,50.87
2051.56,50.86
2052.06,50.83
2052.56,50.76
2053.06,50.73
2053.56,50.88
2054.06,50.99
2054.56,50.79
2055.06,50.78
2055.56,51.03
2056.06,51.05
2056.56,50.76
2057.06,50.92
2057.56,50.93
2058.06,50.76
2058.56,51.12
2059.06,50.71
2059.56,50.77
2060.06,50.94
2060.56,50.86
2061.06,50.78
2061.56,50.92
2062.06,50.80
2062.56,50.94
2063.06,50.95
2063.56,50.80
2064.06,50.86
2064.56,50.75
2065.06,50.80
2065.56,50.78
2066.06,50.89
2066.56,50.82
2067.06,50.79
2067.56,50.85
2068.06,51.06
2068.56,50.87
2069.06,50.89
2069.56,50.70
2070.06,51.00
2070.56,51.00
2071.06,50.75
2071.56,50.92
2072.06,50.94
2072.56,50.89
2073.06,50.70
2073.56,50.59
2074.06,50.71
2074.56,51.12
2075.06,50.85
2075.56,50.90
2076.06,50.83
2076.56,50.89
2077.06,51.07
2077.56,51.11
2078.06,50.82
2078.56,51.11
2079.06,50.89
2079.56,50.98
2080.06,50.85
2080.56,51.02
2081.06,50.92
2081.56,50.90
2082.06,50.91
2082.56,51.00
2083.06,50.59
2083.56,51.07
2084.06,51.00
2084.56,50.81
2085.06,50.95
2085.56,50.98
2086.06,50.94
2086.56,50.89
2087.06,50.74
2087.56,50.81
2088.06,50.96
2088.56,50.94
2089.06,50.94
2089.56,51.13
2090.06,50.82
2090.56,50.80
2091.06,50.87
2091.56,50.90
2092.06,50.91
2092.56,51.08
2093.06,50.80
2093.56,50.89
2094.06,50.92
2094.56,50.83
2095.06,50.71
2095.56,50.95
2096.06,50.99
2096.56,50.95
2097.06,51.25
2097.56,51.10
2098.06,50.90
2098.56,50.89
2099.06,51.25
2099.56,50.76
2100.06,50.85
2100.56,50.82
2101.06,51.21
2101.56,50.92
2102.06,50.95
2102.56,51.04
2103.06,50.85
2103.56,51.06
2104.06,50.95
2104.56,50.98
2105.06,50.71
2105.56,50.78
2106.06,51.17
2106.56,50.83
2107.06,51.07
2107.56,50.92
2108.06,50.90
2108.56,50.87
2109.06,50.80
2109.56,51.02
2110.06,51.09
2110.56,50.89
2111.06,50.98
2111.56,50.93
2112.06,51.07
2112.56,50.89
2113.06,51.00
2113.56,51.04
2114.06,50.94
2114.56,51.04
2115.06,50.69
2115.56,51.02
2116.06,50.94
2116.56,50.90
2117.06,50.94
2117.56,50.86
2118.06,50.83
2118.56,50.62
2119.06,50.70
2119.56,50.82
2120.06,50.95
2120.56,51.01
2121.06,50.90
2121.56,50.87
2122.06,50.85
2122.56,50.93
2123.06,50.70
2123.56,51.14
2124.06,51.11
2124.56,50.83
2125.06,51.17
2125.56,51.09
2126.06,51.13
2126.56,50.91
2127.06,50.99
2127.56,50.96
2128.06,50.95
2128.56,51.03
2129.06,51.00
2129.56,50.90
2130.06,50.87
2130.56,50.79
2131.06,50.91
2131.56,51.21
2132.06,50.48
2132.56,50.94
2133.06,50.80
2133.56,50.88
2134.06,50.91
2134.56,50.96
2135.06,51.05
2135.56,51.15
2136.06,50.99
2136.56,51.08
2137.06,50.77
2137.56,50.64
2138.06,50.86
2138.56,51.11
2139.06,51.00
2139.56,50.94
2140.06,50.75
2140.56,50.86
2141.06,50.89
2141.56,51.00
2142.06,50.97
2142.56,51.02
2143.06,51.07
2143.56,51.12
2144.06,50.72
2144.56,50.82
2145.06,50.81
2145.56,50.96
2146.06,50.66
2146.56,51.03
2147.06,50.85
2147.56,50.94
2148.06,50.60
2148.56,51.25
2149.06,50.99
2149.56,50.96
2150.06,51.14
2150.56,50.88
2151.06,51.09
2151.56,50.78
2152.06,50.97
2152.56,50.94
2153.06,50.81
2153.56,50.87
2154.06,50.95
2154.56,50.86
2155.06,50.93
2155.56,51.12
2156.06,50.66
2156.56,50.90
2157.06,50.90
2157.56,50.85
2158.06,50.95
2158.56,50.90
2159.06,50.89
2159.56,51.07
2160.06,50.93
2160.56,50.94
2161.06,50.84
2161.56,50.77
2162.06,51.09
2162.56,50.92
2163.06,50.86
2163.56,50.86
2164.06,51.04
2164.56,51.30
2165.06,51.18
2165.56,50.98
2166.06,51.01
2166.56,51.05
2167.06,50.68
2167.56,50.83
2168.06,50.94
2168.56,51.00
2169.06,50.92
2169.56,50.97
2170.06,50.88
2170.56,51.07
2171.06,51.01
2171.56,50.92
2172.06,50.90
2172.56,50.89
2173.06,50.93
2173.56,50.86
2174.06,50.79
2174.56,50.98
2175.06,50.66
2175.56,50.91
2176.06,51.06
2176.56,51.34
2177.06,50.89
2177.56,50.98
2178.06,50.79
2178.56,50.92
2179.06,51.10
2179.56,50.99
2180.06,50.95
2180.56,50.93
2181.06,50.91
2181.56,50.94
2182.06,51.08
2182.56,50.82
2183.06,51.02
2183.56,50.97
2184.06,50.85
2184.56,50.97
2185.06,50.88
2185.56,51.26
2186.06,50.90
2186.56,50.99
2187.06,50.89
2187.56,51.05
2188.06,51.02
2188.56,50.94
2189.06,50.73
2189.56,50.81
2190.06,50.86
2190.56,50.88
2191.06,50.83
2191.56,50.93
2192.06,51.14
2192.56,50.93
2193.06,50.98
2193.56,50.96
2194.06,51.12
2194.56,50.81
2195.06,51.06
2195.56,51.06
2196.06,51.09
2196.56,51.06
2197.06,51.04
2197.56,51.12
2198.06,50.79
2198.56,50.96
2199.06,51.28
2199.56,50.83
2200.06,50.82
2200.56,50.98
2201.06,50.86
2201.56,51.21
2202.06,50.98
2202.56,51.07
2203.06,50.91
2203.56,51.16
2204.06,50.89
2204.56,51.03
2205.06,50.94
2205.56,50.79
2206.06,51.07
2206.56,50.85
2207.06,50.82
2207.56,50.96
2208.06,50.96
2208.56,50.98
2209.06,50.91
2209.56,50.98
2210.06,51.04
2210.56,50.76
2211.06,51.00
2211.56,51.21
2212.06,50.93
2212.56,50.92
2213.06,50.82
2213.56,50.88
2214.06,51.24
2214.56,51.04
2215.06,50.99
2215.56,51.18
2216.06,51.04
2216.56,51.13
2217.06,51.18
2217.56,51.05
2218.06,50.92
2218.56,51.04
2219.06,51.11
2219.56,50.85
2220.06,51.17
2220.56,51.03
2221.06,50.88
2221.56,51.00
2222.06,50.86
2222.56,51.14
2223.06,51.06
2223.56,51.04
2224.06,50.97
2224.56,51.00
2225.06,50.94
2225.56,51.05
2226.06,50.86
2226.56,51.03
2227.06,51.03
2227.56,51.03
2228.06,50.98
2228.56,51.20
2229.06,51.33
2229.56,51.21
2230.06,51.03
2230.56,51.08
2231.06,50.83
2231.56,51.18
2232.06,51.19
2232.56,50.90
2233.06,50.94
2233.56,51.07
2234.06,51.17
2234.56,50.95
2235.06,50.78
2235.56,51.15
2236.06,51.03
2236.56,50.90
2237.06,50.94
2237.56,50.78
2238.06,50.93
2238.56,51.09
2239.06,51.01
2239.56,51.09
2240.06,51.15
2240.56,51.14
2241.06,51.11
2241.56,51.06
2242.06,51.02
2242.56,51.01
2243.06,51.02
2243.56,50.99
2244.06,51.03
2244.56,50.95
2245.06,50.84
2245.56,51.14
2246.06,50.91
2246.56,50.97
2247.06,51.08
2247.56,51.16
2248.06,50.74
2248.56,50.99
2249.06,51.21
2249.56,50.97
2250.06,51.11
2250.56,51.23
2251.06,50.91
2251.56,50.99
2252.06,51.34
2252.56,51.01
2253.06,50.96
2253.56,50.86
2254.06,50.84
2254.56,50.94
2255.06,50.95
2255.56,51.07
2256.06,50.99
2256.56,51.22
2257.06,50.89
2257.56,51.02
2258.06,51.10
2258.56,51.08
2259.06,51.06
2259.56,50.99
2260.06,50.97
2260.56,51.13
2261.06,50.76
2261.56,50.96
2262.06,51.07
2262.56,51.05
2263.06,50.98
2263.56,51.07
2264.06,51.01
2264.56,51.05
2265.06,51.08
2265.56,50.68
2266.06,51.23
2266.56,50.96
2267.06,51.14
2267.56,51.31
2268.06,50.88
2268.56,51.01
2269.06,51.10
2269.56,51.31
2270.06,51.16
2270.56,51.07
2271.06,51.05
2271.56,51.23
2272.06,51.20
2272.56,50.84
2273.06,51.21
2273.56,51.34
2274.06,51.04
2274.56,50.98
2275.06,51.06
2275.56,50.93
2276.06,50.94
2276.56,51.12
2277.06,51.14
2277.56,51.14
2278.06,50.92
2278.56,51.50
2279.06,51.24
2279.56,51.09
2280.06,51.20
2280.56,51.20
2281.06,50.91
2281.56,51.00
2282.06,51.11
2282.56,51.28
2283.06,51.18
2283.56,51.10
2284.06,51.28
2284.56,50.97
2285.06,51.00
2285.56,51.14
2286.06,51.12
2286.56,51.14
2287.06,51.29
2287.56,51.06
2288.06,51.18
2288.56,51.10
2289.06,51.14
2289.56,51.30
2290.06,51.02
2290.56,51.17
2291.06,50.87
2291.56,51.26
2292.06,51.40
2292.56,51.12
2293.06,51.25
2293.56,51.10
2294.06,51.32
2294.56,51.12
2295.06,51.21
2295.56,51.19
2296.06,51.18
2296.56,51.07
2297.06,51.13
2297.56,51.11
2298.06,50.96
2298.56,50.97
2299.06,50.97
2299.56,51.07
2300.06,50.91
2300.56,51.46
2301.06,51.12
2301.56,51.09
2302.06,51.09
2302.56,51.18
2303.06,51.01
2303.56,51.24
2304.06,51.48
2304.56,51.16
2305.06,51.08
2305.56,51.04
2306.06,51.22
2306.56,51.31
2307.06,51.02
2307.56,51.19
2308.06,51.19
2308.56,51.10
2309.06,51.18
2309.56,51.35
2310.06,51.07
2310.56,51.09
2311.06,51.30
2311.56,51.05
2312.06,51.09
2312.56,51.24
2313.06,51.08
2313.56,51.20
2314.06,51.16
2314.56,51.18
2315.06,51.13
2315.56,51.12
2316.06,51.14
2316.56,51.37
2317.06,51.11
2317.56,51.02
2318.06,50.93
2318.56,51.47
2319.06,51.18
2319.56,51.17
2320.06,51.21
2320.56,51.03
2321.06,50.99
2321.56,51.31
2322.06,51.05
2322.56,51.17
2323.06,50.95
2323.57,51.19
2324.06,51.28
2324.56,51.06
2325.06,51.03
2325.57,51.07
2326.06,51.16
2326.56,51.13
2327.06,50.99
2327.56,51.07
2328.06,51.24
2328.56,51.20
2329.06,51.26
2329.56,51.14
2330.06,50.87
2330.56,51.14
2331.06,51.15
2331.56,50.96
2332.06,51.11
2332.56,51.34
2333.06,51.02
2333.56,51.01
2334.06,51.19
2334.56,51.14
2335.06,51.28
2335.56,51.27
2336.06,51.00
2336.56,51.14
2337.06,51.19
2337.56,51.11
2338.06,51.11
2338.56,51.01
2339.06,51.13
2339.56,51.05
2340.06,51.20
2340.56,51.02
2341.06,51.19
2341.56,51.22
2342.06,51.16
2342.56,51.24
2343.06,51.28
2343.56,51.30
2344.06,51.26
2344.56,50.92
2345.06,51.09
2345.56,51.29
2346.06,50.89
2346.56,51.07
2347.06,51.11
2347.56,51.15
2348.06,51.14
2348.56,51.19
2349.06,50.92
2349.56,51.20
2350.06,51.24
2350.56,51.15
2351.06,51.04
2351.56,51.18
2352.06,50.98
2352.56,51.63
2353.06,51.50
2353.56,51.18
2354.06,50.89
2354.56,51.18
2355.06,51.17
2355.56,51.28
2356.06,51.08
2356.56,51.08
2357.06,51.17
2357.56,51.04
2358.06,51.11
2358.56,51.37
2359.06,50.93
2359.56,51.17
2360.06,51.12
2360.56,51.02
2361.06,51.17
2361.56,50.93
2362.06,51.41
2362.56,51.34
2363.06,51.16
2363.56,51.60
2364.06,51.04
2364.56,51.17
2365.06,51.17
2365.56,51.10
2366.06,51.15
2366.56,50.85
2367.06,51.30
2367.56,51.17
2368.06,51.27
2368.56,51.24
2369.06,51.29
2369.56,50.91
2370.06,51.17
2370.56,51.21
2371.06,51.05
2371.56,51.12
2372.06,51.00
2372.56,51.31
2373.06,51.42
2373.56,51.24
2374.06,51.14
2374.56,51.21
2375.06,51.04
2375.56,51.25
2376.06,51.27
2376.56,51.20
2377.06,51.26
2377.56,51.31
2378.06,51.02
2378.56,51.01
2379.06,51.19
2379.56,50.93
2380.06,51.21
2380.56,50.88
2381.06,51.17
2381.56,51.15
2382.06,51.11
2382.56,51.02
2383.06,51.11
2383.56,51.02
2384.06,51.18
2384.56,51.10
2385.06,51.15
2385.56,51.24
2386.06,51.26
2386.56,50.88
2387.06,51.12
2387.56,51.22
2388.06,51.00
2388.56,51.28
2389.06,51.27
2389.56,51.15
2390.06,51.46
2390.56,51.01
2391.06,51.18
2391.56,51.21
2392.06,51.00
2392.56,51.25
2393.06,51.34
2393.56,51.39
2394.06,51.02
2394.56,51.44
2395.06,51.23
2395.56,51.25
2396.06,51.10
2396.56,51.30
2397.06,51.13
2397.56,51.10
2398.06,51.01
2398.56,51.21
2399.06,51.05
2399.56,51.23
2400.06,51.24
2400.56,51.25
2401.06,51.03
2401.56,51.25
2402.06,51.17
2402.56,51.16
2403.06,51.21
2403.56,51.28
2404.06,51.23
2404.56,51.10
2405.06,51.20
2405.56,51.25
2406.06,51.10
2406.56,51.24
2407.06,51.19
2407.56,51.26
2408.06,51.25
2408.56,51.23
2409.06,51.21
2409.56,51.34
2410.06,51.06
2410.56,51.18
2411.06,51.30
2411.56,51.14
2412.06,51.34
2412.56,51.12
2413.06,51.23
2413.56,51.21
2414.06,51.23
2414.56,51.20
2415.06,51.20
2415.56,51.13
2416.06,51.16
2416.56,51.13
2417.06,51.19
2417.56,51.25
2418.06,51.13
2418.56,51.21
2419.06,51.17
2419.56,51.20
2420.06,51.12
2420.56,51.29
2421.06,51.22
2421.56,51.36
2422.06,51.23
2422.56,51.23
2423.06,51.19
2423.56,51.08
2424.06,51.18
2424.56,51.52
2425.06,50.86
2425.56,51.25
2426.06,51.18
2426.56,51.17
2427.06,51.12
2427.56,51.22
2428.06,50.75
2428.56,51.21
2429.06,51.41
2429.56,51.27
2430.06,51.18
2430.56,51.39
2431.06,51.21
2431.56,51.26
2432.06,51.04
2432.56,51.30
2433.06,51.28
2433.56,51.14
2434.06,51.28
2434.56,51.28
2435.06,51.26
2435.56,51.17
2436.06,51.36
2436.56,51.11
2437.06,51.16
2437.56,51.19
2438.06,51.16
2438.56,51.00
2439.06,51.21
2439.56,51.16
2440.06,51.24
2440.56,51.22
2441.06,51.19
2441.56,51.23
2442.06,51.30
2442.56,51.03
2443.06,51.16
2443.56,51.17
2444.06,51.13
2444.56,51.22
2445.06,51.21
2445.56,51.37
2446.06,51.33
2446.56,51.10
2447.06,51.24
2447.56,51.30
2448.06,51.30
2448.56,51.30
2449.06,51.51
2449.56,51.20
2450.06,51.32
2450.56,51.33
2451.06,51.19
2451.56,51.19
2452.06,51.30
2452.56,51.29
2453.06,51.12
2453.56,51.29
2454.06,51.07
2454.56,51.25
2455.06,51.49
2455.56,51.17
2456.06,51.48
2456.56,51.31
2457.06,51.29
2457.56,51.30
2458.06,51.38
2458.56,51.50
2459.06,51.24
2459.56,51.38
2460.06,51.46
2460.56,51.21
2461.06,51.35
2461.56,51.34
2462.06,51.27
2462.56,51.43
2463.06,51.42
2463.56,51.38
2464.06,51.32
2464.56,51.28
2465.06,51.43
2465.56,51.14
2466.06,51.16
2466.56,51.34
2467.06,51.65
2467.56,51.18
2468.06,51.25
2468.56,51.25
2469.06,51.36
2469.56,51.42
2470.06,51.18
2470.56,51.35
2471.06,51.14
2471.56,51.41
2472.06,51.03
2472.56,51.30
2473.06,51.30
2473.56,51.29
2474.06,51.35
2474.56,51.12
2475.06,51.34
2475.56,51.55
2476.06,51.37
2476.56,51.60
2477.06,51.36
2477.56,51.33
2478.06,50.95
2478.56,51.24
2479.06,51.46
2479.56,51.52
2480.06,51.32
2480.56,51.25
2481.06,51.29
2481.56,51.18
2482.06,51.37
2482.56,51.47
2483.06,51.30
2483.56,51.36
2484.06,51.33
2484.56,51.36
2485.06,51.33
2485.56,51.48
2486.06,51.36
2486.56,51.34
2487.06,51.43
2487.56,51.31
2488.06,51.37
2488.56,51.27
2489.06,51.00
2489.56,51.13
2490.06,51.11
2490.56,51.33
2491.06,51.33
2491.56,51.36
2492.06,51.29
2492.56,51.24
2493.06,51.30
2493.56,51.16
2494.06,51.19
2494.56,51.21
2495.06,51.21
2495.56,51.30
2496.06,51.28
2496.56,51.28
2497.06,51.40
2497.56,51.26
2498.06,51.32
2498.56,51.23
2499.06,51.06
2499.56,51.33
2500.06,51.34
2500.56,51.42
2501.06,51.26
2501.56,51.63
2502.06,51.47
2502.56,51.37
2503.06,51.26
2503.56,51.28
2504.06,51.43
2504.56,51.41
2505.06,51.28
2505.56,51.50
2506.06,51.23
2506.56,51.15
2507.06,51.25
2507.56,51.33
2508.06,51.30
2508.56,51.44
2509.06,51.44
2509.56,51.41
2510.06,51.38
2510.56,51.39
2511.06,51.36
2511.56,51.41
2512.06,51.18
2512.56,51.32
2513.06,51.22
2513.56,51.17
2514.06,51.45
2514.56,51.44
2515.06,51.49
2515.56,51.55
2516.06,51.26
2516.56,51.78
2517.06,51.33
2517.56,51.44
2518.06,51.38
2518.56,51.34
2519.06,51.34
2519.56,51.45
2520.06,51.37
2520.56,51.35
2521.06,51.36
2521.56,51.36
2522.06,51.75
2522.56,51.32
2523.06,51.18
2523.56,51.34
2524.06,51.66
2524.56,51.21
2525.06,51.45
2525.56,51.46
2526.06,51.52
2526.56,51.16
2527.06,51.50
2527.56,51.48
2528.06,51.33
2528.56,51.38
2529.06,51.36
2529.56,51.34
2530.06,51.32
2530.56,51.41
2531.06,51.22
2531.56,51.48
2532.06,51.33
2532.56,51.46
2533.06,51.52
2533.56,51.17
2534.06,51.32
2534.56,51.48
2535.06,51.33
2535.56,51.47
2536.06,51.15
2536.56,51.18
2537.06,51.28
2537.56,51.50
2538.06,51.37
2538.56,51.47
2539.06,51.26
2539.56,51.44
2540.06,51.32
2540.56,51.73
2541.06,51.39
2541.56,51.28
2542.06,51.20
2542.56,51.34
2543.06,51.35
2543.56,51.38
2544.06,51.28
2544.56,51.43
2545.06,51.25
2545.56,51.48
2546.06,51.37
2546.56,51.58
2547.06,51.39
2547.56,51.42
2548.06,51.46
2548.56,51.28
2549.06,51.36
2549.56,51.38
2550.06,51.34
2550.56,51.37
2551.06,51.34
2551.56,51.46
2552.06,51.24
2552.56,51.28
2553.06,51.30
2553.56,51.42
2554.06,51.39
2554.56,51.40
2555.06,51.35
2555.56,51.53
2556.06,51.19
2556.56,51.50
2557.06,51.39
2557.56,51.18
2558.06,51.42
2558.56,51.37
2559.06,51.61
2559.56,51.15
2560.06,51.45
2560.56,51.68
2561.06,51.42
2561.56,51.33
2562.06,51.27
2562.56,51.23
2563.06,51.45
2563.56,51.60
2564.06,51.36
2564.56,51.43
2565.06,51.40
2565.56,51.40
2566.06,51.11
2566.56,51.34
2567.06,51.45
2567.56,51.38
2568.06,51.36
2568.56,51.25
2569.06,51.42
2569.56,51.37
2570.06,51.36
2570.56,51.50
2571.06,51.40
2571.56,51.55
2572.06,51.30
2572.56,51.46
2573.06,51.35
2573.56,51.27
2574.06,51.33
2574.56,51.68
2575.06,51.42
2575.56,51.42
2576.06,51.39
2576.56,51.34
2577.06,51.58
2577.56,51.42
2578.06,51.19
2578.56,51.41
2579.06,51.41
2579.56,51.41
2580.06,51.40
2580.56,51.19
2581.06,51.39
2581.56,51.32
2582.06,51.18
2582.56,51.29
2583.06,51.41
2583.56,51.59
2584.06,51.38
2584.56,51.44
2585.06,51.28
2585.56,51.50
2586.06,51.42
2586.56,51.49
2587.06,51.36
2587.56,51.62
2588.06,51.35
2588.56,51.42
2589.06,51.31
2589.56,51.30
2590.06,51.39
2590.56,51.36
2591.06,51.38
2591.56,51.38
2592.06,51.34
2592.56,51.22
2593.06,51.31
2593.56,51.45
2594.06,51.42
2594.56,51.32
2595.06,51.22
2595.56,51.22
2596.06,51.36
2596.56,51.09
2597.06,51.36
2597.56,51.47
2598.06,51.18
2598.56,51.30
2599.06,51.41
2599.56,51.54
2600.06,51.23
2600.56,51.14
2601.06,51.39
2601.56,51.41
2602.06,51.43
2602.56,51.47
2603.06,51.31
2603.56,51.46
2604.06,51.42
2604.56,51.40
2605.06,51.29
2605.56,51.31
2606.06,51.43
2606.56,51.53
2607.06,51.46
2607.56,51.46
2608.06,51.37
2608.56,51.40
2609.06,51.42
2609.56,51.37
2610.06,51.28
2610.56,51.31
2611.06,51.23
2611.56,51.41
2612.06,51.22
2612.56,51.28
2613.06,51.31
2613.56,51.28
2614.06,51.44
2614.56,51.18
2615.06,51.30
2615.56,51.29
2616.06,51.48
2616.56,51.39
2617.06,51.21
2617.56,51.46
2618.06,51.53
2618.56,51.78
2619.06,51.37
2619.56,51.31
2620.06,51.39
2620.56,51.15
2621.06,51.35
2621.56,51.38
2622.06,51.40
2622.56,51.56
2623.06,51.31
2623.56,51.42
2624.06,51.29
2624.56,51.43
2625.06,51.37
2625.56,51.30
2626.06,51.33
2626.56,51.30
2627.06,51.13
2627.56,51.45
2628.06,51.39
2628.56,51.40
2629.06,51.64
2629.56,51.37
2630.06,51.42
2630.56,51.40
2631.06,51.41
2631.56,51.43
2632.06,51.32
2632.56,51.56
2633.06,51.46
2633.56,51.46
2634.06,51.34
2634.56,51.30
2635.06,51.34
2635.56,51.24
2636.07,51.60
2636.56,51.36
2637.06,51.29
2637.56,51.34
2638.07,51.44
2638.56,51.38
2639.06,51.31
2639.56,51.40
2640.07,51.45
2640.56,51.26
2641.06,51.28
2641.56,51.20
2642.06,51.21
2642.56,51.30
2643.06,51.21
2643.56,51.27
2644.06,51.27
2644.56,51.30
2645.06,51.22
2645.56,51.33
2646.06,51.34
2646.56,51.26
2647.06,51.46
2647.56,51.27
2648.06,51.40
2648.56,51.42
2649.06,51.38
2649.56,51.40
2650.06,51.32
2650.56,51.37
2651.06,51.55
2651.56,51.41
2652.06,51.36
2652.56,51.32
2653.06,51.44
2653.56,51.06
2654.06,51.27
2654.56,51.47
2655.06,51.14
2655.56,51.40
2656.06,51.42
2656.56,51.31
2657.06,51.49
2657.56,51.28
2658.06,51.43
2658.56,51.27
2659.06,51.44
2659.56,51.18
2660.06,51.23
2660.56,51.46
2661.06,51.19
2661.56,51.31
2662.06,50.74
2662.56,51.26
2663.06,51.37
2663.56,51.30
2664.06,51.47
2664.56,51.38
2665.06,51.36
2665.56,51.31
2666.06,51.49
2666.56,51.21
2667.06,51.39
2667.56,51.33
2668.06,51.50
2668.56,51.15
2669.06,51.23
2669.56,51.25
2670.06,51.32
2670.56,51.29
2671.06,51.47
2671.56,51.28
2672.06,51.44
2672.56,51.56
2673.06,51.38
2673.56,51.44
2674.06,51.21
2674.56,51.15
2675.06,51.28
2675.56,51.24
2676.06,51.31
2676.56,51.48
2677.06,51.35
2677.56,51.35
2678.06,51.33
2678.56,51.22
2679.06,51.20
2679.56,51.36
2680.06,51.54
2680.56,51.32
2681.06,51.16
2681.56,51.33
2682.06,51.37
2682.56,51.43
2683.06,51.31
2683.56,51.41
2684.06,51.26
2684.56,51.37
2685.06,51.33
2685.56,51.40
2686.06,51.37
2686.56,51.47
2687.06,51.16
2687.56,51.47
2688.06,51.20
2688.56,51.30
2689.06,51.25
2689.56,51.21
2690.06,51.53
2690.56,51.34
2691.06,51.38
2691.56,51.27
2692.06,51.38
2692.56,51.33
2693.06,51.08
2693.56,51.31
2694.06,51.32
2694.56,51.30
2695.06,51.35
2695.56,51.24
2696.06,51.17
2696.56,51.19
2697.06,51.23
2697.56,51.19
2698.06,51.22
2698.56,51.41
2699.06,51.63
2699.56,51.27
2700.06,51.20
2700.56,51.47
2701.06,51.65
2701.56,51.58
2702.06,51.34
2702.56,51.00
2703.06,51.26
2703.56,51.24
2704.06,51.41
2704.56,51.59
2705.06,51.41
2705.56,51.32
2706.06,51.31
2706.56,51.33
2707.06,51.50
2707.56,51.23
2708.06,51.28
2708.56,51.29
2709.06,51.22
2709.56,51.19
2710.06,51.26
2710.56,51.32
2711.06,50.99
2711.56,51.27
2712.06,51.07
2712.56,51.34
2713.06,51.34
2713.56,51.13
2714.06,51.31
2714.56,51.26
2715.06,51.34
2715.56,51.25
2716.06,51.31
2716.56,51.35
2717.06,51.21
2717.56,51.27
2718.06,50.90
2718.56,51.28
2719.06,51.19
2719.56,51.50
2720.06,51.41
2720.56,51.25
2721.06,50.90
2721.56,51.50
2722.06,51.17
2722.56,51.14
2723.06,51.37
2723.56,51.11
2724.06,51.14
2724.56,51.10
2725.06,50.89
2725.56,51.24
2726.06,51.15
2726.56,51.37
2727.06,51.34
2727.56,51.24
2728.06,51.33
2728.56,51.24
2729.06,51.34
2729.56,51.16
2730.06,51.46
2730.56,51.23
2731.06,51.31
2731.56,51.26
2732.06,51.31
2732.56,51.24
2733.06,51.34
2733.56,51.32
2734.06,51.25
2734.56,51.17
2735.06,51.42
2735.56,51.21
2736.06,51.34
2736.56,51.35
2737.06,51.28
2737.56,51.20
2738.06,51.25
2738.56,51.25
2739.06,50.99
2739.56,51.24
2740.06,51.23
2740.56,51.18
2741.06,51.31
2741.56,51.45
2742.06,51.24
2742.56,51.24
2743.06,51.30
2743.56,51.34
2744.06,51.16
2744.56,50.98
2745.06,51.23
2745.56,51.22
2746.06,51.12
2746.56,51.43
2747.06,51.34
2747.56,51.27
2748.06,51.12
2748.56,51.22
2749.06,51.19
2749.56,51.41
2750.06,51.41
2750.56,51.11
2751.06,51.07
2751.56,51.24
2752.06,51.31
2752.56,51.31
2753.06,51.20
2753.56,51.14
2754.06,51.14
2754.56,51.22
2755.06,51.27
2755.56,50.98
2756.06,51.43
2756.56,51.20
2757.06,51.09
2757.56,50.90
2758.06,51.12
2758.56,51.31
2759.06,51.23
2759.56,51.48
2760.06,51.29
2760.56,51.08
2761.06,51.22
2761.56,51.32
2762.06,51.35
2762.56,51.20
2763.06,51.21
2763.56,51.16
2764.06,51.01
2764.56,51.29
2765.06,51.24
2765.56,51.01
2766.06,51.21
2766.56,50.99
2767.06,51.15
2767.56,51.05
2768.06,51.10
2768.56,51.06
2769.06,51.06
2769.56,51.20
2770.06,51.14
2770.56,51.22
2771.06,51.25
2771.56,51.19
2772.06,51.09
2772.56,51.12
2773.06,51.30
2773.56,51.11
2774.06,51.14
2774.56,51.51
2775.06,51.38
2775.56,51.32
2776.06,51.33
2776.56,51.28
2777.06,51.27
2777.56,51.13
2778.06,51.28
2778.56,51.09
2779.06,51.25
2779.56,51.37
2780.06,51.26
2780.56,51.23
2781.06,51.22
2781.56,51.29
2782.06,51.25
2782.56,51.17
2783.06,51.09
2783.56,51.17
2784.06,51.03
2784.56,51.26
2785.06,51.16
2785.56,51.48
2786.06,51.34
2786.56,51.36
2787.06,51.26
2787.56,51.23
2788.06,51.23
2788.56,51.17
2789.06,51.10
2789.56,51.20
2790.06,51.19
2790.56,51.22
2791.06,51.15
2791.56,51.12
2792.06,51.10
2792.56,51.34
2793.06,51.24
2793.56,51.37
2794.06,51.32
2794.56,51.19
2795.06,51.43
2795.56,51.26
2796.06,51.15
2796.56,51.16
2797.06,51.35
2797.56,51.18
2798.06,51.23
2798.56,51.33
2799.06,51.18
2799.56,51.08
2800.06,51.00
2800.56,51.13
2801.06,51.30
2801.56,51.37
2802.06,51.15
2802.56,51.13
2803.06,51.14
2803.56,51.31
2804.06,51.17
2804.56,51.18
2805.06,51.08
2805.56,51.17
2806.06,51.20
2806.56,51.23
2807.06,51.56
2807.56,51.25
2808.06,51.11
2808.56,51.23
2809.06,51.18
2809.56,51.01
2810.06,51.32
2810.56,51.13
2811.06,51.16
2811.56,51.03
2812.06,51.09
2812.56,51.22
2813.06,51.24
2813.56,51.35
2814.06,51.29
2814.56,51.22
2815.06,51.31
2815.56,51.09
2816.06,51.16
2816.56,51.33
2817.06,51.12
2817.56,51.14
2818.06,51.27
2818.56,51.19
2819.06,50.99
2819.56,51.35
2820.06,51.03
2820.56,50.99
2821.06,51.20
2821.56,51.25
2822.06,51.10
2822.56,51.16
2823.06,51.23
2823.56,51.15
2824.06,51.27
2824.56,51.31
2825.06,51.10
2825.56,51.07
2826.06,51.08
2826.56,51.43
2827.06,50.97
2827.56,51.41
2828.06,51.16
2828.56,50.93
2829.06,51.20
2829.56,51.33
2830.06,51.11
2830.56,51.20
2831.06,51.14
2831.56,51.21
2832.06,51.07
2832.56,51.10
2833.06,51.19
2833.56,51.25
2834.06,51.14
2834.56,51.54
2835.06,51.17
2835.56,51.11
2836.06,51.17
2836.56,51.14
2837.06,50.92
2837.56,51.18
2838.06,51.31
2838.56,50.97
2839.06,51.39
2839.56,51.14
2840.06,51.13
2840.56,51.10
2841.06,51.00
2841.56,51.10
2842.06,50.93
2842.56,50.99
2843.06,51.09
2843.56,51.28
2844.06,51.20
2844.56,51.29
2845.06,51.26
2845.56,50.95
2846.06,51.16
2846.56,51.22
2847.06,51.23
2847.56,51.08
2848.06,51.25
2848.56,51.24
2849.06,51.37
2849.56,51.46
2850.06,51.39
2850.56,51.23
2851.06,50.97
2851.56,51.27
2852.06,51.42
2852.56,50.96
2853.06,50.98
2853.56,51.18
2854.06,51.17
2854.56,51.13
2855.06,51.11
2855.56,51.05
2856.06,51.01
2856.56,51.18
2857.06,50.89
2857.56,51.07
2858.06,51.09
2858.56,51.16
2859.06,51.21
2859.56,51.10
2860.06,51.08
2860.56,51.10
2861.06,51.37
2861.56,51.16
2862.06,51.05
2862.56,51.16
2863.06,51.34
2863.56,51.09
2864.06,51.09
2864.56,51.23
2865.06,51.17
2865.56,51.32
2866.06,51.12
2866.56,51.24
2867.06,51.20
2867.56,50.91
2868.06,51.29
2868.56,51.01
2869.06,51.17
2869.56,50.97
2870.06,51.12
2870.56,50.95
2871.06,51.15
2871.56,51.19
2872.06,51.23
2872.56,51.14
2873.06,51.03
2873.56,51.26
2874.06,51.10
2874.56,51.03
2875.06,51.18
2875.56,51.17
2876.06,51.03
2876.56,51.02
2877.06,51.15
2877.56,51.41
2878.06,51.21
2878.56,51.04
2879.06,51.28
2879.56,51.01
2880.06,51.21
2880.56,51.34
2881.06,51.23
2881.56,51.10
2882.06,51.25
2882.56,51.23
2883.06,51.14
2883.56,51.18
2884.06,50.95
2884.56,51.17
2885.06,51.09
2885.56,51.30
2886.06,51.06
2886.56,50.95
2887.06,51.26
2887.56,51.03
2888.06,51.16
2888.56,51.08
2889.06,51.31
2889.56,51.20
2890.06,51.14
2890.56,51.34
2891.06,51.15
2891.56,51.26
2892.06,51.15
2892.56,51.25
2893.06,51.40
2893.56,51.08
2894.06,51.18
2894.56,51.13
2895.06,51.22
2895.56,51.07
2896.06,50.87
2896.56,51.14
2897.06,51.16
2897.56,51.16
2898.06,50.92
2898.56,51.16
2899.06,51.10
2899.56,51.15
2900.06,51.07
2900.56,51.01
2901.06,51.07
2901.56,51.19
2902.06,51.06
2902.56,51.11
2903.06,51.28
2903.56,50.99
2904.06,51.20
2904.56,51.14
2905.06,51.25
2905.56,51.04
2906.06,51.17
2906.56,51.22
2907.06,51.04
2907.56,51.19
2908.06,50.95
2908.56,51.13
2909.06,51.07
2909.56,51.22
2910.06,51.08
2910.56,51.17
2911.06,51.12
2911.56,50.94
2912.06,51.10
2912.56,50.92
2913.06,51.11
2913.56,50.94
2914.06,50.96
2914.56,51.09
2915.06,51.16
2915.56,51.32
2916.06,51.11
2916.56,51.24
2917.06,51.11
2917.56,51.26
2918.06,51.26
2918.56,51.15
2919.06,51.12
2919.56,51.09
2920.06,50.97
2920.56,51.35
2921.06,51.06
2921.56,51.17
2922.06,51.09
2922.56,51.02
2923.06,51.01
2923.56,51.18
2924.06,51.05
2924.56,51.24
2925.06,51.19
2925.56,51.08
2926.06,51.01
2926.56,51.06
2927.06,51.19
2927.56,51.04
2928.06,51.09
2928.56,51.05
2929.06,51.09
2929.56,51.03
2930.06,51.17
2930.56,51.17
2931.06,51.17
2931.56,51.18
2932.06,51.06
2932.56,51.17
2933.06,51.14
2933.56,51.16
2934.06,51.10
2934.56,51.17
2935.06,51.10
2935.56,51.07
2936.06,51.11
2936.56,51.18
2937.06,51.21
2937.56,51.26
2938.06,50.87
2938.56,51.10
2939.06,51.30
2939.56,51.00
2940.06,51.12
2940.56,51.32
2941.06,51.26
2941.56,51.08
2942.06,50.76
2942.56,51.32
2943.06,50.98
2943.56,51.34
2944.06,51.03
2944.56,51.22
2945.06,51.09
2945.56,51.36
2946.06,50.77
2946.56,51.09
2947.06,51.23
2947.56,50.96
2948.06,51.19
2948.56,51.17
2949.06,51.18
2949.56,51.16
2950.06,51.13
2950.56,51.09
2951.06,51.15
2951.56,50.71
2952.06,50.86
2952.56,51.27
2953.06,51.11
2953.56,50.87
2954.06,51.36
2954.56,51.19
2955.06,51.18
2955.56,51.16
2956.06,51.26
2956.56,51.10
2957.06,51.29
2957.56,50.92
2958.06,51.18
2958.56,51.19
2959.06,51.15
2959.56,50.91
2960.06,51.17
2960.56,51.06
2961.06,51.07
2961.56,51.17
2962.06,51.14
2962.56,51.11
2963.06,51.26
2963.56,51.10
2964.06,51.13
2964.56,51.12
2965.06,51.34
2965.56,50.85
2966.06,51.12
2966.56,51.17
2967.06,51.06
2967.56,50.90
2968.06,51.07
2968.57,51.05
2969.06,51.05
2969.56,51.08
2970.06,51.11
2970.57,50.95
2971.06,51.17
2971.56,51.14
2972.06,51.19
2972.57,51.05
2973.06,51.04
2973.56,51.22
2974.06,50.88
2974.56,51.31
2975.06,51.08
2975.56,51.17
2976.06,51.20
2976.56,51.17
2977.06,51.02
2977.56,51.16
2978.06,51.17
2978.56,51.05
2979.06,51.24
2979.56,50.91
2980.06,51.23
2980.56,51.24
2981.06,51.09
2981.56,51.21
2982.06,51.33
2982.56,51.17
2983.06,51.38
2983.56,50.85
2984.06,51.09
2984.56,51.21
2985.06,51.26
2985.56,51.09
2986.06,51.11
2986.56,51.03
2987.06,51.15
2987.56,50.94
2988.06,51.08
2988.56,51.22
2989.06,51.14
2989.56,51.32
2990.06,50.86
2990.56,51.28
2991.06,51.08
2991.56,51.10
2992.06,50.86
2992.56,51.02
2993.06,51.06
2993.56,51.01
2994.06,50.89
2994.56,51.29
2995.06,51.05
2995.56,51.08
2996.06,51.32
2996.56,51.12
2997.06,51.13
2997.56,51.12
2998.06,51.25
2998.56,51.18
2999.06,51.04
2999.56,51.14
3000.06,50.94
3000.56,51.10
3001.06,51.17
3001.56,51.13
3002.06,50.82
3002.56,50.92
3003.06,51.08
3003.56,50.88
3004.06,51.03
3004.56,51.24
3005.06,51.05
3005.56,51.13
3006.06,51.16
3006.56,51.10
3007.06,50.95
3007.56,51.06
3008.06,51.13
3008.56,51.29
3009.06,50.82
3009.56,50.93
3010.06,51.06
3010.56,51.08
3011.06,51.11
3011.56,50.95
3012.06,51.04
3012.56,51.23
3013.06,51.16
3013.56,50.97
3014.06,51.06
3014.56,51.11
3015.06,51.20
3015.56,51.14
3016.06,51.01
3016.56,51.16
3017.06,50.99
3017.56,51.00
3018.06,51.14
3018.56,50.93
3019.06,51.11
3019.56,51.03
3020.06,51.03
3020.56,51.20
3021.06,50.94
3021.56,50.90
3022.06,51.16
3022.56,50.96
3023.06,51.22
3023.56,51.04
3024.06,51.13
3024.56,51.34
3025.06,50.98
3025.56,51.11
3026.06,51.01
3026.56,51.07
3027.06,51.29
3027.56,51.09
3028.06,51.08
3028.56,50.98
3029.06,51.04
3029.56,50.90
3030.06,51.19
3030.56,50.98
3031.06,51.13
3031.56,50.97
3032.06,51.31
3032.56,51.23
3033.06,51.15
3033.56,51.23
3034.06,51.00
3034.56,51.14
3035.06,51.07
3035.56,51.24
3036.06,51.23
3036.56,51.12
3037.06,51.19
3037.56,51.10
3038.06,51.21
3038.56,51.11
3039.06,51.08
3039.56,51.08
3040.06,51.12
3040.56,51.00
3041.06,50.98
3041.56,50.90
3042.06,51.27
3042.56,51.17
3043.06,51.14
3043.56,51.26
3044.06,51.08
3044.56,50.93
3045.06,50.97
3045.56,51.23
3046.06,51.02
3046.56,51.16
3047.06,51.24
3047.56,51.15
3048.06,50.96
3048.56,51.14
3049.06,51.26
3049.56,51.13
3050.06,51.05
3050.56,51.17
3051.06,51.25
3051.56,51.13
3052.06,50.96
3052.56,51.23
3053.06,51.13
3053.56,50.91
3054.06,51.05
3054.56,51.09
3055.06,51.01
3055.56,51.06
3056.06,51.26
3056.56,50.99
3057.06,51.14
3057.56,51.25
3058.06,51.04
3058.56,51.26
3059.06,51.04
3059.56,50.84
3060.06,50.89
3060.56,51.07
3061.06,51.09
3061.56,51.13
3062.06,51.19
3062.56,50.99
3063.06,51.07
3063.56,51.00
3064.06,51.16
3064.56,51.02
3065.06,51.05
3065.56,51.23
3066.06,51.12
3066.56,51.01
3067.06,51.04
3067.56,50.90
3068.06,51.12
3068.56,51.08
3069.06,51.08
3069.56,51.07
3070.06,51.06
3070.56,51.06
3071.06,50.99
3071.56,51.07
3072.06,51.15
3072.56,51.03
3073.06,51.11
3073.56,51.03
3074.06,50.99
3074.56,51.09
3075.06,51.17
3075.56,51.02
3076.06,51.43
3076.56,50.78
3077.06,51.00
3077.56,51.00
3078.06,50.92
3078.56,51.11
3079.06,50.98
3079.56,51.02
3080.06,51.17
3080.56,51.09
3081.06,51.35
3081.56,51.23
3082.06,51.09
3082.56,51.10
3083.06,51.09
3083.56,51.21
3084.06,51.11
3084.56,51.09
3085.06,50.99
3085.56,51.05
3086.06,50.95
3086.56,51.00
3087.06,51.08
3087.56,51.09
3088.06,50.94
3088.56,51.03
3089.06,51.10
3089.56,51.16
3090.06,51.11
3090.56,50.90
3091.06,51.29
3091.56,51.24
3092.06,51.07
3092.56,51.09
3093.06,51.09
3093.56,51.06
3094.06,51.06
3094.56,51.02
3095.06,51.25
3095.56,51.08
3096.06,51.00
3096.56,50.86
3097.06,51.00
3097.56,50.89
3098.06,51.03
3098.56,51.03
3099.06,51.15
3099.56,51.11
3100.06,51.00
3100.56,51.06
3101.06,51.17
3101.56,51.08
3102.06,51.05
3102.56,51.18
3103.06,51.12
3103.56,50.93
3104.06,51.06
3104.56,50.96
3105.06,51.15
3105.56,51.03
3106.06,50.94
3106.56,51.32
3107.06,51.02
3107.56,51.06
3108.06,51.13
3108.56,51.06
3109.06,51.21
3109.56,51.03
3110.06,50.89
3110.56,51.05
3111.06,51.12
3111.56,51.12
3112.06,51.04
3112.56,50.96
3113.06,51.11
3113.56,51.11
3114.06,50.89
3114.56,51.04
3115.06,51.26
3115.56,51.04
3116.06,51.14
3116.56,51.12
3117.06,50.96
3117.56,51.25
3118.06,50.98
3118.56,51.01
3119.06,51.05
3119.56,51.06
3120.06,51.06
3120.56,51.22
3121.06,51.04
3121.56,51.07
3122.06,51.17
3122.56,51.02
3123.06,51.04
3123.56,51.09
3124.06,51.12
3124.56,50.80
3125.06,51.06
3125.56,51.27
3126.06,51.13
3126.56,50.79
3127.06,51.05
3127.56,51.08
3128.06,51.17
3128.56,50.99
3129.06,51.12
3129.56,50.86
3130.06,51.15
3130.56,51.05
3131.06,51.26
3131.56,51.03
3132.06,51.12
3132.56,51.13
3133.06,51.07
3133.56,51.16
3134.06,51.25
3134.56,51.27
3135.06,51.24
3135.56,51.08
3136.06,51.10
3136.56,51.19
3137.06,51.06
3137.56,51.04
3138.06,51.07
3138.56,51.14
3139.06,50.96
3139.56,51.05
3140.06,50.97
3140.56,51.11
3141.06,51.12
3141.56,51.45
3142.06,51.05
3142.56,51.06
3143.06,51.20
3143.56,50.78
3144.06,51.17
3144.56,51.12
3145.06,51.23
3145.56,50.96
3146.06,51.02
3146.56,51.20
3147.06,51.20
3147.56,51.35
3148.06,50.90
3148.56,51.45
3149.06,51.13
3149.56,51.08
3150.06,51.01
3150.56,51.09
3151.06,50.97
3151.56,50.95
3152.06,50.81
3152.56,50.94
3153.06,51.02
3153.56,51.01
3154.06,50.93
3154.56,51.31
3155.06,51.26
3155.56,50.93
3156.06,51.05
3156.56,50.82
3157.06,50.90
3157.56,50.98
3158.06,51.06
3158.56,51.37
3159.06,51.15
3159.56,51.12
3160.06,51.28
3160.56,51.10
3161.06,51.11
3161.56,51.01
3162.06,50.97
3162.56,51.16
3163.06,51.04
3163.56,51.13
3164.06,51.00
3164.56,51.12
3165.06,51.08
3165.56,51.13
3166.06,51.22
3166.56,51.11
3167.06,51.16
3167.56,51.07
3168.06,51.22
3168.56,51.06
3169.06,51.07
3169.56,51.15
3170.06,51.11
3170.56,51.12
3171.06,51.04
3171.56,51.21
3172.06,51.04
3172.56,51.04
3173.06,51.18
3173.56,51.03
3174.06,51.16
3174.56,50.96
3175.06,51.01
3175.56,51.18
3176.06,51.18
3176.56,51.19
3177.06,51.03
3177.56,51.22
3178.06,50.86
3178.56,51.01
3179.06,51.26
3179.56,51.09
3180.06,51.21
3180.56,51.00
3181.06,51.10
3181.56,50.85
3182.06,50.90
3182.56,51.36
3183.06,51.20
3183.56,51.31
3184.06,50.80
3184.56,51.13
3185.06,51.17
3185.56,51.24
3186.06,51.18
3186.56,51.07
3187.06,51.48
3187.56,51.23
3188.06,50.98
3188.56,51.09
3189.06,51.20
3189.56,51.21
3190.06,51.02
3190.56,51.20
3191.06,51.11
3191.56,50.98
3192.06,51.14
3192.56,51.10
3193.06,51.00
3193.56,51.25
3194.06,50.78
3194.56,51.18
3195.06,51.18
3195.56,51.09
3196.06,51.12
3196.56,51.00
3197.06,50.98
3197.56,50.93
3198.06,50.93
3198.56,51.05
3199.06,50.94
3199.56,51.14
3200.06,51.22
3200.56,51.39
3201.06,51.21
3201.56,51.20
3202.06,50.96
3202.56,51.21
3203.06,51.05
3203.56,51.04
3204.06,51.22
3204.56,51.26
3205.06,51.04
3205.56,51.02
3206.06,51.22
3206.56,51.20
3207.06,51.18
3207.56,51.09
3208.06,51.32
3208.56,51.09
3209.06,51.08
3209.56,51.08
3210.06,51.16
3210.56,51.11
3211.06,51.07
3211.56,51.17
3212.06,51.38
3212.56,50.90
3213.06,51.21
3213.56,51.46
3214.06,51.12
3214.56,51.01
3215.06,51.06
3215.56,51.31
3216.06,50.98
3216.56,50.98
3217.06,51.03
3217.56,51.13
3218.06,51.46
3218.56,51.15
3219.06,51.09
3219.56,50.96
3220.06,51.11
3220.56,51.16
3221.06,51.15
3221.56,51.43
3222.06,50.95
3222.56,51.19
3223.06,50.98
3223.56,51.17
3224.06,51.35
3224.56,51.13
3225.06,51.12
3225.56,51.19
3226.06,51.22
3226.56,51.10
3227.06,51.16
3227.56,51.32
3228.06,50.86
3228.56,51.08
3229.06,51.31
3229.56,51.17
3230.06,51.25
3230.56,51.11
3231.06,51.18
3231.56,51.18
3232.06,50.79
3232.56,51.37
3233.06,51.11
3233.56,51.09
3234.06,51.10
3234.56,51.13
3235.06,51.13
3235.56,51.08
3236.06,51.05
3236.56,51.26
3237.06,50.99
3237.56,51.00
3238.06,50.99
3238.56,50.95
3239.06,51.02
3239.56,51.07
3240.06,51.14
3240.56,51.18
3241.06,51.11
3241.56,51.15
3242.06,51.05
3242.56,51.20
3243.06,51.19
3243.56,51.26
3244.06,51.17
3244.56,51.16
3245.06,50.93
3245.56,51.19
3246.06,51.18
3246.56,51.14
3247.06,51.32
3247.56,51.06
3248.06,51.15
3248.56,51.08
3249.06,51.08
3249.56,51.20
3250.06,51.14
3250.56,51.09
3251.06,51.18
3251.56,51.05
3252.06,51.07
3252.56,51.38
3253.06,51.17
3253.56,51.06
3254.06,51.02
3254.56,51.21
3255.06,51.09
3255.56,51.28
3256.06,51.13
3256.56,51.16
3257.06,51.05
3257.56,51.49
3258.06,51.19
3258.56,51.09
3259.06,51.11
3259.56,50.90
3260.06,50.91
3260.56,51.23
3261.06,51.16
3261.56,51.13
3262.06,50.97
3262.56,51.16
3263.06,51.09
3263.56,51.05
3264.06,50.91
3264.56,51.08
3265.06,50.95
3265.56,51.12
3266.06,51.14
3266.56,51.18
3267.06,51.03
3267.56,51.33
3268.06,51.00
3268.56,51.25
3269.06,50.90
3269.56,51.25
3270.06,51.04
3270.56,51.01
3271.06,51.10
3271.56,51.13
3272.06,50.95
3272.56,51.08
3273.06,51.04
3273.56,50.98
3274.06,51.10
3274.56,50.91
3275.06,51.00
3275.56,50.93
3276.06,51.03
3276.56,51.15
3277.06,50.95
3277.56,51.04
3278.06,51.20
3278.56,51.06
3279.06,51.13
3279.56,51.08
3280.06,50.93
3280.56,50.99
3281.06,51.17
3281.56,51.11
3282.06,51.10
3282.56,50.89
3283.06,51.07
3283.56,50.91
3284.06,51.17
3284.56,51.07
3285.06,50.91
3285.56,51.13
3286.06,51.10
3286.56,51.00
3287.06,51.24
3287.56,50.96
3288.06,51.14
3288.56,51.17
3289.06,51.29
3289.56,51.02
3290.06,51.30
3290.56,51.01
3291.06,51.01
3291.56,51.12
3292.06,51.05
3292.56,51.15
3293.06,50.98
3293.56,51.17
3294.06,51.18
3294.56,51.05
3295.06,50.73
3295.56,51.08
3296.06,51.03
3296.56,50.92
3297.06,51.03
3297.56,50.93
3298.06,51.04
3298.56,51.05
3299.06,50.96
3299.56,50.98
3300.06,51.07
3300.56,50.99
3301.06,51.00
3301.56,50.92
3302.06,50.90
3302.56,50.96
3303.06,50.97
3303.56,51.07
3304.06,51.07
3304.56,51.01
3305.07,51.09
3305.56,51.05
3306.06,51.18
3306.56,51.13
3307.07,50.97
3307.56,50.98
3308.06,51.13
3308.56,51.03
3309.07,51.01
3309.56,50.96
3310.06,51.04
3310.56,50.97
3311.06,51.06
3311.56,50.91
3312.06,51.05
3312.56,51.18
3313.06,51.17
3313.56,50.96
3314.06,51.14
3314.56,51.00
3315.06,51.10
3315.56,51.16
3316.06,50.93
3316.56,51.34
3317.06,50.99
3317.56,50.97
3318.06,51.01
3318.56,51.16
3319.06,50.86
3319.56,51.09
3320.06,51.12
3320.56,51.09
3321.06,51.12
3321.56,50.81
3322.06,51.20
3322.56,51.18
3323.06,50.97
3323.56,51.05
3324.06,51.05
3324.56,51.04
3325.06,50.93
3325.56,50.92
3326.06,51.05
3326.56,51.12
3327.06,50.98
3327.56,50.94
3328.06,50.95
3328.56,51.05
3329.06,51.02
3329.56,51.03
3330.06,51.08
3330.56,51.04
3331.06,50.99
3331.56,51.14
3332.06,51.11
3332.56,50.76
3333.06,50.90
3333.56,50.94
3334.06,51.17
3334.56,51.00
3335.06,50.78
3335.56,51.27
3336.06,50.98
3336.56,50.98
3337.06,51.07
3337.56,50.93
3338.06,50.96
3338.56,51.03
3339.06,51.01
3339.56,51.05
3340.06,50.97
3340.56,51.00
3341.06,50.96
3341.56,50.90
3342.06,51.00
3342.56,50.86
3343.06,51.02
3343.56,51.00
3344.06,51.10
3344.56,51.02
3345.06,50.96
3345.56,51.08
3346.06,51.05
3346.56,50.90
3347.06,51.08
3347.56,51.34
3348.06,51.17
3348.56,50.85
3349.06,51.03
3349.56,51.04
3350.06,50.98
3350.56,50.83
3351.06,50.76
3351.56,51.17
3352.06,51.09
3352.56,50.96
3353.06,51.01
3353.56,50.90
3354.06,50.85
3354.56,50.93
3355.06,51.24
3355.56,50.92
3356.06,50.95
3356.56,51.06
3357.06,51.12
3357.56,51.15
3358.06,51.01
3358.56,51.07
3359.06,50.99
3359.56,51.12
3360.06,50.95
3360.56,51.09
3361.06,51.19
3361.56,51.11
3362.06,50.93
3362.56,51.01
3363.06,51.00
3363.56,50.88
3364.06,51.00
3364.56,50.92
3365.06,51.11
3365.56,51.09
3366.06,51.10
3366.56,50.85
3367.06,50.97
3367.56,51.12
3368.06,51.08
3368.56,50.91
3369.06,51.01
3369.56,50.93
3370.06,51.04
3370.56,51.15
3371.06,51.01
3371.56,50.89
3372.06,51.00
3372.56,50.92
3373.06,51.06
3373.56,51.03
3374.06,51.14
3374.56,51.09
3375.06,51.09
3375.56,50.99
3376.06,51.06
3376.56,51.22
3377.06,50.98
3377.56,51.01
3378.06,51.02
3378.56,51.21
3379.06,50.91
3379.56,51.10
3380.06,51.01
3380.56,51.02
3381.06,51.04
3381.56,50.72
3382.06,50.91
3382.56,50.93
3383.06,51.01
3383.56,50.74
3384.06,50.95
3384.56,50.96
3385.06,50.95
3385.56,50.98
3386.06,51.23
3386.56,51.00
3387.06,51.00
3387.56,51.21
3388.06,51.28
3388.56,50.89
3389.06,51.08
3389.56,51.10
3390.06,51.26
3390.56,51.25
3391.06,51.00
3391.56,51.02
3392.06,51.07
3392.56,50.88
3393.06,50.95
3393.56,51.00
3394.06,51.04
3394.56,51.01
3395.06,51.01
3395.56,50.93
3396.06,51.23
3396.56,51.07
3397.06,51.00
3397.56,50.92
3398.06,51.12
3398.56,51.16
3399.06,50.97
3399.56,51.12
3400.06,51.10
3400.56,51.15
3401.06,51.09
3401.56,50.89
3402.06,50.92
3402.56,50.91
3403.06,50.94
3403.56,50.99
3404.06,51.01
3404.56,51.11
3405.06,51.05
3405.56,51.03
3406.06,51.00
3406.56,50.91
3407.06,50.95
3407.56,50.99
3408.06,51.06
3408.56,50.97
3409.06,51.10
3409.56,50.94
3410.06,51.15
3410.56,51.06
3411.06,51.16
3411.56,50.96
3412.06,51.00
3412.56,51.03
3413.06,51.06
3413.56,51.00
3414.06,51.17
3414.56,51.17
3415.06,51.23
3415.56,51.05
3416.06,50.96
3416.56,51.18
3417.06,51.05
3417.56,51.21
3418.06,51.17
3418.56,51.10
3419.06,51.06
3419.56,51.04
3420.06,51.04
3420.56,51.06
3421.06,51.14
3421.56,51.18
3422.06,51.30
3422.56,50.98
3423.06,51.27
3423.56,51.07
3424.06,51.03
3424.56,50.90
3425.06,51.21
3425.56,51.07
3426.06,51.09
3426.56,51.04
3427.06,51.12
3427.56,51.12
3428.06,50.82
3428.56,51.00
3429.06,51.21
3429.56,51.00
3430.06,51.15
3430.56,50.95
3431.06,51.02
3431.56,50.98
3432.06,51.14
3432.56,50.92
3433.06,50.96
3433.56,50.85
3434.06,50.86
3434.56,51.26
3435.06,51.24
3435.56,51.10
3436.06,51.12
3436.56,51.10
3437.06,51.10
3437.56,51.20
3438.06,51.14
3438.56,51.15
3439.06,51.14
3439.56,50.98
3440.06,51.13
3440.56,51.16
3441.06,51.08
3441.56,51.07
3442.06,51.06
3442.56,51.19
3443.06,50.94
3443.56,51.00
3444.06,51.21
3444.56,51.07
3445.06,51.14
3445.56,51.12
3446.06,51.01
3446.56,51.41
3447.06,51.23
3447.56,51.03
3448.06,51.09
3448.56,51.25
3449.06,51.12
3449.56,51.13
3450.06,50.94
3450.56,51.12
3451.06,50.92
3451.56,50.94
3452.06,51.11
3452.56,50.98
3453.06,51.00
3453.56,51.03
3454.06,51.06
3454.56,51.12
3455.06,50.98
3455.56,51.19
3456.06,51.18
3456.56,51.03
3457.06,51.20
3457.56,51.14
3458.06,51.18
3458.56,51.09
3459.06,51.24
3459.56,51.08
3460.06,51.08
3460.56,51.20
3461.06,51.08
3461.56,51.02
3462.06,51.09
3462.56,51.36
3463.06,50.88
3463.56,51.04
3464.06,51.07
3464.56,50.92
3465.06,51.00
3465.56,51.02
3466.06,51.23
3466.56,51.24
3467.06,51.25
3467.56,51.04
3468.06,51.12
3468.56,51.02
3469.06,51.31
3469.56,50.91
3470.06,51.05
3470.56,51.16
3471.06,51.22
3471.56,51.16
3472.06,51.02
3472.56,51.10
3473.06,50.84
3473.56,51.15
3474.06,51.08
3474.56,50.84
3475.06,51.02
3475.56,51.00
3476.06,51.10
3476.56,51.18
3477.06,51.10
3477.56,50.97
3478.06,51.07
3478.56,51.07
3479.06,51.09
3479.56,50.99
3480.06,51.06
3480.56,50.78
3481.06,51.10
3481.56,50.96
3482.06,51.12
3482.56,51.16
3483.06,50.95
3483.56,51.19
3484.06,51.29
3484.56,50.95
3485.06,50.97
3485.56,51.14
3486.06,50.85
3486.56,51.14
3487.06,51.13
3487.56,51.14
3488.06,51.14
3488.56,51.10
3489.06,51.02
3489.56,51.18
3490.06,51.14
3490.56,50.99
3491.06,51.06
3491.56,51.21
3492.06,51.09
3492.56,51.23
3493.06,51.40
3493.56,51.22
3494.06,50.95
3494.56,51.13
3495.06,51.20
3495.56,51.03
3496.06,51.06
3496.56,51.18
3497.06,51.13
3497.56,50.86
3498.06,50.87
3498.56,51.23
3499.06,50.78
3499.56,51.14
3500.06,50.94
3500.56,51.06
3501.06,51.13
3501.56,51.16
3502.06,51.46
3502.56,51.15
3503.06,51.06
3503.56,51.05
3504.06,51.15
3504.56,51.11
3505.06,51.14
3505.56,51.14
3506.06,51.14
3506.56,51.14
3507.06,51.03
3507.56,51.09
3508.06,51.09
3508.56,51.17
3509.06,50.96
3509.56,51.09
3510.06,51.02
3510.56,51.25
3511.06,51.14
3511.56,51.16
3512.06,51.12
3512.56,51.02
3513.06,51.03
3513.56,51.13
3514.06,51.05
3514.56,51.20
3515.06,51.06
3515.56,51.01
3516.06,51.06
3516.56,50.83
3517.06,51.17
3517.56,51.28
3518.06,51.03
3518.56,51.08
3519.06,51.02
3519.56,51.18
3520.06,51.12
3520.56,51.09
3521.06,51.11
3521.56,50.98
3522.06,51.10
3522.56,51.04
3523.06,51.21
3523.56,51.00
3524.06,51.26
3524.56,50.84
3525.06,51.11
3525.56,50.95
3526.06,50.80
3526.56,51.14
3527.06,50.79
3527.56,51.12
3528.06,51.15
3528.56,51.14
3529.06,51.16
3529.56,51.27
3530.06,51.01
3530.56,51.01
3531.06,51.06
3531.56,51.11
3532.06,51.05
3532.56,51.41
3533.06,51.24
3533.56,51.23
3534.06,50.98
3534.56,51.15
3535.06,51.25
3535.56,51.19
3536.06,51.11
3536.56,51.29
3537.06,51.17
3537.56,51.07
3538.06,51.16
3538.56,51.04
3539.06,51.08
3539.56,51.17
3540.06,51.33
3540.56,51.04
3541.06,51.22
3541.56,51.06
3542.06,51.17
3542.56,51.36
3543.06,51.02
3543.56,51.21
3544.06,51.31
3544.56,51.35
3545.06,51.24
3545.56,51.05
3546.06,51.34
3546.56,51.14
3547.06,51.24
3547.56,51.06
3548.06,51.15
3548.56,51.03
3549.06,50.96
3549.56,51.22
3550.06,51.06
3550.56,51.32
3551.06,51.14
3551.56,51.20
3552.06,51.17
3552.56,51.26
3553.06,51.22
3553.56,50.98
3554.06,51.08
3554.56,51.19
3555.06,51.08
3555.56,51.05
3556.06,51.21
3556.56,51.17
3557.06,51.10
3557.56,50.98
3558.06,51.14
3558.56,50.93
3559.06,51.16
3559.56,51.13
3560.06,51.18
3560.56,51.15
3561.06,51.23
3561.56,51.20
3562.06,51.05
3562.56,51.38
3563.06,51.17
3563.56,51.08
3564.06,51.25
3564.56,51.02
3565.06,51.17
3565.56,51.23
3566.06,51.13
3566.56,51.03
3567.06,51.08
3567.56,51.17
3568.06,51.27
3568.56,51.23
3569.06,51.20
3569.56,51.25
3570.06,51.37
3570.56,51.40
3571.06,51.11
3571.56,51.13
3572.06,51.12
3572.56,51.09
3573.06,51.17
3573.56,51.01
3574.06,51.25
3574.56,51.01
3575.06,51.16
3575.56,51.34
3576.06,51.24
3576.56,51.45
3577.06,51.15
3577.56,51.13
3578.06,51.22
3578.56,51.24
3579.06,51.08
3579.56,51.06
3580.06,51.18
3580.56,51.26
3581.06,51.19
3581.56,51.23
3582.06,51.25
3582.56,51.05
3583.06,51.08
3583.56,51.09
3584.06,50.97
3584.56,51.27
3585.06,51.20
3585.56,51.12
3586.06,50.98
3586.56,51.27
3587.06,51.08
3587.56,51.27
3588.06,51.23
3588.56,51.31
3589.06,51.34
3589.56,51.17
3590.06,51.21
3590.56,51.03
3591.06,51.37
3591.56,51.25
3592.06,51.07
3592.56,51.20
3593.06,51.31
3593.56,51.25
3594.06,51.04
3594.56,51.20
3595.06,51.43
3595.56,51.04
3596.06,51.16
3596.56,51.17
3597.06,51.28
3597.56,51.19
3598.06,51.06
3598.56,51.14
3599.06,51.28
3599.56,51.23
3600.06,51.09
3600.56,51.18
3601.06,51.31
3601.56,51.07
3602.06,51.26
3602.56,50.95
3603.06,51.32
3603.56,51.16
3604.06,51.30
3604.56,51.65
3605.06,51.16
3605.56,51.05
3606.06,51.31
3606.56,51.13
3607.06,51.22
3607.56,51.15
3608.06,51.17
3608.56,51.19
3609.06,51.20
3609.56,51.36
3610.06,51.08
3610.56,51.26
3611.06,50.90
3611.56,51.23
3612.06,51.21
3612.56,51.10
3613.06,51.31
3613.56,51.25
3614.06,51.15
3614.56,51.23
3615.06,51.38
3615.56,51.30
3616.06,51.45
3616.56,50.85
3617.06,51.36
3617.56,51.26
3618.06,51.11
3618.56,51.27
3619.06,51.12
3619.56,51.29
3620.06,51.47
3620.56,51.20
3621.06,51.23
3621.56,51.41
3622.06,51.16
3622.56,51.19
3623.06,51.28
3623.57,51.25
3624.06,51.27
3624.56,51.19
3625.06,51.39
3625.57,51.26
3626.06,51.28
3626.56,51.20
3627.06,51.11
3627.56,51.22
3628.06,51.09
3628.56,51.19
3629.06,51.14
3629.56,51.29
3630.06,50.84
3630.56,51.22
3631.06,51.11
3631.56,51.16
3632.06,51.24
3632.56,51.24
3633.06,51.28
3633.56,51.12
3634.06,51.22
3634.56,51.47
3635.06,51.16
3635.56,51.07
3636.06,51.03
3636.56,51.39
3637.06,51.20
3637.56,51.27
3638.06,51.34
3638.56,51.28
3639.06,51.15
3639.56,51.19
3640.06,51.38
3640.56,51.22
3641.06,51.12
3641.56,51.24
3642.06,51.05
3642.56,51.27
3643.06,51.23
3643.56,51.15
3644.06,51.18
3644.56,50.96
3645.06,51.03
3645.56,51.04
3646.06,51.14
3646.56,51.30
3647.06,51.22
3647.56,51.32
3648.06,51.21
3648.56,51.25
3649.06,51.23
3649.56,51.02
3650.06,51.07
3650.56,51.22
3651.06,51.34
3651.56,51.20
3652.06,51.11
3652.56,51.40
3653.06,51.14
3653.56,51.34
3654.06,51.33
3654.56,50.97
3655.06,51.12
3655.56,51.29
3656.06,51.04
3656.56,51.27
3657.06,51.11
3657.56,51.23
3658.06,51.13
3658.56,51.23
3659.06,50.73
3659.56,51.21
3660.06,51.22
3660.56,51.08
3661.06,51.28
3661.56,51.32
3662.06,51.35
3662.56,50.98
3663.06,51.28
3663.56,51.03
3664.06,51.19
3664.56,51.13
3665.06,51.36
3665.56,51.25
3666.06,51.16
3666.56,51.43
3667.06,51.32
3667.56,51.25
3668.06,51.26
3668.56,51.12
3669.06,51.25
3669.56,51.17
3670.06,51.16
3670.56,50.99
3671.06,51.11
3671.56,51.10
3672.06,51.21
3672.56,51.38
3673.06,51.22
3673.56,51.01
3674.06,51.26
3674.56,51.23
3675.06,51.13
3675.56,51.29
3676.06,51.06
3676.56,51.21
3677.06,51.17
3677.56,51.59
3678.06,51.28
3678.56,51.19
3679.06,51.27
3679.56,51.06
3680.06,51.00
3680.56,51.34
3681.06,51.16
3681.56,51.58
3682.06,51.46
3682.56,51.15
3683.06,51.29
3683.56,51.25
3684.06,51.28
3684.56,51.37
3685.06,51.30
3685.56,51.18
3686.06,51.21
3686.56,51.24
3687.06,51.24
3687.56,51.28
3688.06,51.32
3688.56,51.31
3689.06,51.26
3689.56,51.18
3690.06,51.20
3690.56,51.19
3691.06,51.49
3691.56,51.24
3692.06,51.22
3692.56,51.28
3693.06,51.14
3693.56,51.19
3694.06,51.18
3694.56,51.25
3695.06,51.30
3695.56,51.25
3696.06,51.41
3696.56,51.24
3697.06,51.19
3697.56,51.19
3698.06,51.09
3698.56,51.23
3699.06,51.06
3699.56,51.13
3700.06,51.29
3700.56,51.24
3701.06,51.14
3701.56,51.11
3702.06,51.14
3702.56,51.20
3703.06,51.24
3703.56,51.24
3704.06,51.10
3704.56,51.01
3705.06,51.16
3705.56,51.18
3706.06,51.32
3706.56,51.06
3707.06,51.24
3707.56,51.15
3708.06,51.21
3708.56,51.15
3709.06,50.86
3709.56,51.32
3710.06,51.24
3710.56,51.03
3711.06,51.13
3711.56,51.40
3712.06,51.21
3712.56,51.19
3713.06,51.36
3713.56,51.39
3714.06,51.38
3714.56,51.31
3715.06,51.25
3715.56,51.09
3716.06,51.38
3716.56,51.02
3717.06,51.27
3717.56,51.05
3718.06,51.02
3718.56,51.42
3719.06,51.34
3719.56,51.13
3720.06,51.17
3720.56,51.14
3721.06,50.90
3721.56,51.20
3722.06,51.31
3722.56,51.03
3723.06,51.15
3723.56,50.98
3724.06,51.29
3724.56,51.23
3725.06,51.18
3725.56,51.05
3726.06,51.05
3726.56,51.51
3727.06,51.27
3727.56,51.34
3728.06,51.10
3728.56,51.24
3729.06,51.10
3729.56,51.00
3730.06,51.59
3730.56,51.18
3731.06,51.32
3731.56,51.29
3732.06,51.38
3732.56,51.14
3733.06,51.07
3733.56,50.99
3734.06,51.02
3734.56,51.20
3735.06,51.19
3735.56,51.23
3736.06,51.11
3736.56,51.02
3737.06,51.07
3737.56,51.30
3738.06,51.28
3738.56,51.18
3739.06,51.25
3739.56,51.25
3740.06,51.32
3740.56,51.11
3741.06,51.22
3741.56,51.21
3742.06,50.90
3742.56,51.13
3743.06,51.05
3743.56,51.03
3744.06,51.05
3744.56,51.49
3745.06,51.31
3745.56,51.17
3746.06,51.18
3746.56,51.09
3747.06,51.24
3747.56,51.15
3748.06,51.16
3748.56,51.31
3749.06,51.27
3749.56,51.29
3750.06,51.34
3750.56,51.17
3751.06,51.01
3751.56,51.27
3752.06,51.12
3752.56,51.26
3753.06,51.23
3753.56,51.13
3754.06,51.21
3754.56,51.15
3755.06,51.32
3755.56,50.94
3756.06,51.23
3756.56,51.21
3757.06,51.16
3757.56,51.14
3758.06,51.09
3758.56,51.14
3759.06,51.23
3759.56,51.28
3760.06,51.25
3760.56,51.34
3761.06,51.09
3761.56,51.29
3762.06,51.12
3762.56,51.15
3763.06,51.18
3763.56,51.18
3764.06,51.25
3764.56,51.18
3765.06,51.30
3765.56,51.19
3766.06,51.12
3766.56,51.34
3767.06,51.19
3767.56,51.13
3768.06,51.23
3768.56,51.11
3769.06,51.40
3769.56,51.08
3770.06,51.19
3770.56,51.29
3771.06,51.29
3771.56,51.20
3772.06,51.09
3772.56,51.28
3773.06,51.16
3773.56,51.38
3774.06,50.97
3774.56,51.30
3775.06,51.35
3775.56,51.13
3776.06,51.33
3776.56,51.22
3777.06,51.37
3777.56,50.98
3778.06,51.07
3778.56,51.28
3779.06,51.34
3779.56,51.15
3780.06,51.31
3780.56,51.20
3781.06,51.20
3781.56,51.06
3782.06,51.29
3782.56,51.21
3783.06,51.05
3783.56,51.33
3784.06,51.30
3784.56,51.06
3785.06,51.22
3785.56,51.10
3786.06,51.17
3786.56,51.10
3787.06,51.33
3787.56,51.12
3788.06,51.13
3788.56,51.23
3789.06,51.27
3789.56,51.09
3790.06,51.12
3790.56,51.24
3791.06,51.24
3791.56,51.22
3792.06,51.17
3792.56,51.23
3793.06,51.17
3793.56,51.36
3794.06,51.20
3794.56,50.97
3795.06,50.72
3795.56,51.25
3796.06,51.20
3796.56,51.09
3797.06,51.22
3797.56,51.15
3798.06,51.37
3798.56,51.22
3799.06,51.35
3799.56,51.31
3800.06,51.21
3800.56,51.21
3801.06,51.14
3801.56,50.98
3802.06,51.31
3802.56,51.21
3803.06,51.28
3803.56,51.00
3804.06,51.10
3804.56,51.43
3805.06,51.13
3805.56,51.39
3806.06,51.26
3806.56,51.31
3807.06,51.24
3807.56,51.24
3808.06,51.12
3808.56,51.22
3809.06,51.34
3809.56,51.10
3810.06,51.23
3810.56,51.35
3811.06,50.97
3811.56,51.31
3812.06,51.38
3812.56,51.08
3813.06,51.34
3813.56,51.35
3814.06,51.39
3814.56,51.17
3815.06,51.26
3815.56,51.21
3816.06,51.13
3816.56,51.18
3817.06,51.24
3817.56,51.10
3818.06,51.27
3818.56,51.34
3819.06,51.21
3819.56,51.41
3820.06,51.37
3820.56,51.36
3821.06,50.94
3821.56,51.12
3822.06,51.17
3822.56,51.23
3823.06,51.18
3823.56,51.23
3824.06,51.14
3824.56,51.12
3825.06,51.19
3825.56,51.24
3826.06,51.24
3826.56,51.34
3827.06,51.22
3827.56,51.27
3828.06,51.21
3828.56,51.08
3829.06,51.30
3829.56,51.21
3830.06,51.18
3830.56,51.06
3831.06,51.15
3831.56,51.18
3832.06,51.15
3832.56,51.19
3833.06,51.19
3833.56,50.92
3834.06,51.48
3834.56,51.14
3835.06,51.26
3835.56,51.16
3836.06,51.29
3836.56,51.17
3837.06,51.00
3837.56,50.90
3838.06,51.09
3838.56,51.36
3839.06,51.30
3839.56,51.25
3840.06,51.00
3840.56,51.07
3841.06,51.16
3841.56,51.17
3842.06,51.27
3842.56,51.22
3843.06,51.17
3843.56,51.11
3844.06,51.37
3844.56,50.94
3845.06,51.33
3845.56,51.19
3846.06,51.12
3846.56,51.28
3847.06,51.07
3847.56,51.53
3848.06,51.28
3848.56,51.13
3849.06,51.19
3849.56,51.26
3850.06,51.12
3850.56,51.15
3851.06,51.13
3851.56,51.38
3852.06,51.18
3852.56,51.34
3853.06,51.30
3853.56,51.30
3854.06,51.28
3854.56,51.18
3855.06,51.49
3855.56,51.21
3856.06,51.11
3856.56,51.32
3857.06,51.22
3857.56,51.16
3858.06,51.14
3858.56,51.26
3859.06,51.21
3859.56,51.03
3860.06,51.38
3860.56,51.07
3861.06,51.23
3861.56,51.25
3862.06,51.05
3862.56,51.36
3863.06,51.32
3863.56,51.18
3864.06,51.20
3864.56,51.33
3865.06,51.11
3865.56,51.13
3866.06,51.20
3866.56,51.05
3867.06,51.19
3867.56,51.24
3868.06,51.16
3868.56,51.25
3869.06,51.20
3869.56,51.24
3870.06,51.27
3870.56,51.16
3871.06,51.16
3871.56,51.03
3872.06,51.18
3872.56,51.12
3873.06,51.10
3873.56,51.37
3874.06,51.20
3874.56,51.17
3875.06,51.00
3875.56,51.19
3876.06,51.25
3876.56,51.10
3877.06,51.20
3877.56,51.21
3878.06,51.06
3878.56,51.17
3879.06,51.34
3879.56,51.19
3880.06,51.33
3880.56,51.15
3881.06,51.17
3881.56,51.31
3882.06,51.03
3882.56,51.19
3883.06,51.38
3883.56,51.27
3884.06,51.18
3884.56,51.25
3885.06,51.25
3885.56,51.26
3886.06,51.40
3886.56,51.21
3887.06,51.33
3887.56,51.07
3888.06,51.33
3888.56,51.25
3889.06,51.41
3889.56,51.27
3890.06,51.25
3890.56,51.17
3891.06,51.14
3891.56,51.13
3892.06,51.20
3892.56,51.09
3893.06,51.48
3893.56,51.33
3894.06,51.17
3894.56,51.43
3895.06,51.20
3895.56,51.18
3896.06,51.22
3896.56,51.14
3897.06,51.14
3897.56,51.27
3898.06,51.19
3898.56,51.14
3899.06,51.19
3899.56,51.15
3900.06,51.23
3900.56,51.15
3901.06,51.30
3901.56,51.29
3902.06,51.01
3902.56,51.25
3903.06,51.05
3903.56,51.23
3904.06,51.22
3904.56,51.25
3905.06,51.33
3905.56,51.35
3906.06,51.23
3906.56,51.21
3907.06,51.29
3907.56,51.38
3908.06,51.31
3908.56,51.13
3909.06,51.28
3909.56,51.23
3910.06,51.22
3910.56,51.35
3911.06,51.27
3911.56,51.27
3912.06,51.52
3912.56,51.36
3913.06,51.18
3913.56,51.26
3914.06,51.23
3914.56,51.05
3915.06,51.16
3915.56,51.23
3916.06,51.20
3916.56,51.26
3917.06,51.23
3917.56,51.17
3918.06,51.17
3918.56,51.17
3919.06,51.14
3919.56,51.07
3920.06,51.19
3920.56,51.22
3921.06,51.28
3921.56,51.41
3922.06,51.02
3922.56,51.19
3923.06,51.26
3923.56,51.31
3924.06,50.96
3924.56,51.24
3925.06,51.40
3925.56,51.25
3926.06,51.12
3926.56,51.24
3927.06,51.21
3927.56,51.24
3928.06,51.21
3928.56,51.05
3929.06,51.28
3929.56,51.20
3930.06,51.26
3930.56,51.16
3931.06,51.22
3931.56,51.13
3932.06,51.16
3932.56,51.31
3933.06,51.20
3933.56,51.17
3934.06,51.20
3934.56,51.22
3935.06,51.16
3935.56,51.14
3936.06,51.33
3936.56,51.11
3937.06,51.19
3937.56,51.28
3938.06,51.42
3938.56,51.08
3939.06,51.09
3939.56,51.42
3940.06,51.15
3940.56,51.24
3941.06,51.09
3941.56,51.13
3942.06,51.28
3942.56,51.12
3943.06,51.23
3943.56,51.42
3944.06,51.10
3944.56,51.30
3945.06,51.14
3945.56,51.25
3946.06,51.26
3946.56,51.19
3947.06,51.28
3947.56,51.31
3948.06,51.24
3948.56,51.30
3949.06,51.17
3949.56,51.30
3950.06,51.29
3950.56,51.13
3951.06,51.04
3951.56,51.32
3952.06,51.30
3952.56,51.22
3953.06,51.11
3953.56,51.08
3954.06,51.25
3954.56,51.38
3955.06,51.29
3955.56,51.21
3956.06,51.24
3956.56,51.17
3957.06,51.10
3957.56,51.04
3958.07,51.31
3958.56,51.32
3959.06,51.30
3959.56,51.38
3960.07,51.19
3960.56,51.32
3961.06,51.31
3961.56,51.30
3962.06,51.18
3962.56,51.27
3963.06,51.19
3963.56,51.53
3964.06,51.47
3964.56,51.12
3965.06,51.23
3965.56,51.13
3966.06,51.15
3966.56,51.17
3967.06,51.16
3967.56,51.21
3968.06,51.14
3968.56,51.28
3969.06,51.35
3969.56,50.97
3970.06,51.00
3970.56,50.98
3971.06,51.14
3971.56,51.32
3972.06,51.23
3972.56,51.22
3973.06,51.34
3973.56,51.28
3974.06,51.29
3974.56,51.22
3975.06,51.22
3975.56,51.32
3976.06,51.20
3976.56,51.08
3977.06,51.19
3977.56,51.23
3978.06,51.27
3978.56,51.18
3979.06,51.20
3979.56,51.14
3980.06,51.29
3980.56,51.20
3981.06,51.33
3981.56,51.44
3982.06,51.20
3982.56,50.97
3983.06,51.23
3983.56,51.34
3984.06,51.37
3984.56,51.17
3985.06,51.26
3985.56,51.21
3986.06,51.24
3986.56,51.23
3987.06,51.14
3987.56,51.23
3988.06,51.27
3988.56,51.36
3989.06,51.34
3989.56,51.23
3990.06,51.26
3990.56,51.45
3991.06,51.33
3991.56,51.29
3992.06,51.27
3992.56,51.05
3993.06,51.26
3993.56,51.22
3994.06,51.37
3994.56,51.28
3995.06,51.09
3995.56,51.21
3996.06,51.36
3996.56,51.31
3997.06,51.37
3997.56,51.40
3998.06,51.22
3998.56,51.12
3999.06,51.19
3999.56,51.31
4000.06,51.22
4000.56,51.26
4001.06,51.31
4001.56,51.27
4002.06,51.19
4002.56,51.14
4003.06,51.52
4003.56,51.33
4004.06,51.15
4004.56,51.34
4005.06,51.29
4005.56,51.21
4006.06,51.24
4006.56,51.35
4007.06,51.35
4007.56,51.38
4008.06,51.22
4008.56,51.22
4009.06,51.31
4009.56,51.17
4010.06,51.31
4010.56,51.13
4011.06,51.32
4011.56,51.40
4012.06,51.18
4012.56,51.30
4013.06,51.18
4013.56,51.08
4014.06,51.11
4014.56,51.40
4015.06,51.55
4015.56,51.10
4016.06,51.30
4016.56,51.15
4017.06,51.25
4017.56,51.28
4018.06,51.30
4018.56,51.40
4019.06,51.18
4019.56,51.19
4020.06,50.99
4020.56,51.47
4021.06,51.27
4021.56,51.39
4022.06,51.27
4022.56,51.24
4023.06,51.26
4023.56,51.37
4024.06,51.25
4024.56,51.28
4025.06,51.33
4025.56,51.31
4026.06,51.22
4026.56,51.16
4027.06,51.10
4027.56,51.38
4028.06,51.19
4028.56,51.13
4029.06,51.15
4029.56,51.35
4030.06,51.11
4030.56,51.17
4031.06,51.16
4031.56,51.18
4032.06,51.21
4032.56,51.39
4033.06,51.15
4033.56,51.22
4034.06,51.20
4034.56,51.48
4035.06,51.18
4035.56,51.20
4036.06,51.46
4036.56,51.51
4037.06,51.14
4037.56,51.01
4038.06,51.20
4038.56,51.32
4039.06,51.34
4039.56,51.33
4040.06,51.22
4040.56,51.30
4041.06,51.24
4041.56,51.24
4042.06,51.35
4042.56,51.09
4043.06,51.28
4043.56,51.12
4044.06,51.12
4044.56,51.31
4045.06,51.25
4045.56,51.13
4046.06,51.19
4046.56,51.33
4047.06,51.10
4047.56,51.33
4048.06,50.92
4048.56,51.25
4049.06,51.46
4049.56,51.36
4050.06,51.47
4050.56,51.25
4051.06,51.08
4051.56,51.13
4052.06,51.30
4052.56,51.08
4053.06,51.31
4053.56,51.19
4054.06,51.19
4054.56,51.48
4055.06,51.34
4055.56,51.32
4056.06,51.31
4056.56,51.31
4057.06,51.16
4057.56,51.08
4058.06,51.21
4058.56,51.50
4059.06,51.32
4059.56,51.26
4060.06,51.13
4060.56,51.24
4061.06,51.05
4061.56,50.89
4062.06,51.15
4062.56,51.36
4063.06,51.42
4063.56,51.24
4064.06,51.16
4064.56,51.21
4065.06,51.01
4065.56,51.19
4066.06,51.54
4066.56,51.19
4067.06,51.32
4067.56,51.13
4068.06,51.24
4068.56,51.25
4069.06,50.98
4069.56,51.34
4070.06,51.14
4070.56,51.41
4071.06,51.39
4071.56,51.17
4072.06,51.19
4072.56,51.39
4073.06,51.22
4073.56,51.19
4074.06,51.18
4074.56,51.04
4075.06,51.37
4075.56,51.21
4076.06,51.59
4076.56,51.30
4077.06,51.16
4077.56,51.12
4078.06,51.35
4078.56,51.29
4079.06,51.12
4079.56,50.98
4080.06,51.44
4080.56,51.19
4081.06,51.10
4081.56,51.39
4082.06,51.19
4082.56,51.54
4083.06,51.19
4083.56,51.07
4084.06,51.15
4084.56,51.40
4085.06,51.55
4085.56,51.37
4086.06,51.28
4086.56,51.37
4087.06,51.30
4087.56,51.24
4088.06,51.26
4088.56,51.43
4089.06,51.29
4089.56,51.04
4090.06,50.99
4090.56,51.18
4091.06,51.22
4091.56,51.18
4092.06,51.27
4092.56,50.98
4093.06,51.25
4093.56,51.09
4094.06,51.23
4094.56,51.17
4095.06,51.17
4095.56,51.02
4096.06,51.19
4096.56,51.26
4097.06,51.16
4097.56,51.23
4098.06,51.34
4098.56,51.19
4099.06,51.09
4099.56,51.30
4100.06,51.27
4100.56,51.29
4101.06,51.31
4101.56,51.31
4102.06,51.11
4102.56,51.12
4103.06,51.21
4103.56,51.27
4104.06,51.24
4104.56,50.72
4105.06,51.13
4105.56,51.12
4106.06,51.13
4106.56,51.15
4107.06,51.20
4107.56,51.27
4108.06,51.18
4108.56,51.11
4109.06,51.12
4109.56,51.06
4110.06,51.12
4110.56,51.16
4111.06,51.25
4111.56,51.20
4112.06,51.23
4112.56,51.20
4113.06,51.05
4113.56,51.20
4114.06,51.33
4114.56,51.39
4115.06,51.23
4115.56,51.14
4116.06,51.19
4116.56,51.30
4117.06,50.98
4117.56,51.28
4118.06,51.25
4118.56,51.13
4119.06,50.91
4119.56,50.93
4120.06,51.28
4120.56,51.21
4121.06,51.27
4121.56,51.10
4122.06,51.32
4122.56,51.01
4123.06,51.17
4123.56,51.07
4124.06,51.04
4124.56,51.20
4125.06,51.26
4125.56,51.43
4126.06,51.19
4126.56,51.31
4127.06,51.15
4127.56,51.20
4128.06,51.34
4128.56,51.39
4129.06,51.26
4129.56,51.22
4130.06,51.39
4130.56,51.22
4131.06,51.28
4131.56,51.38
4132.06,51.36
4132.56,51.09
4133.06,51.18
4133.56,51.16
4134.06,51.19
4134.56,51.36
4135.06,51.08
4135.56,51.28
4136.06,51.24
4136.56,51.30
4137.06,51.40
4137.56,51.30
4138.06,51.58
4138.56,51.22
4139.06,51.44
4139.56,51.28
4140.06,51.14
4140.56,51.23
4141.06,51.24
4141.56,50.95
4142.06,51.23
4142.56,51.11
4143.06,51.22
4143.56,51.10
4144.06,51.23
4144.56,51.07
4145.06,51.28
4145.56,51.13
4146.06,51.15
4146.56,51.22
4147.06,51.49
4147.56,51.33
4148.06,51.15
4148.56,51.20
4149.06,51.09
4149.56,51.30
4150.06,51.42
4150.56,51.33
4151.06,51.04
4151.56,51.15
4152.06,51.14
4152.56,51.28
4153.06,51.24
4153.56,51.35
4154.06,51.31
4154.56,51.20
4155.06,51.11
4155.56,50.85
4156.06,50.90
4156.56,51.12
4157.06,51.11
4157.56,51.64
4158.06,51.14
4158.56,51.16
4159.06,51.05
4159.56,51.25
4160.06,51.18
4160.56,51.16
4161.06,51.14
4161.56,51.33
4162.06,51.51
4162.56,51.05
4163.06,51.06
4163.56,51.33
4164.06,51.12
4164.56,51.16
4165.06,51.10
4165.56,51.22
4166.06,51.25
4166.56,51.23
4167.06,51.32
4167.56,51.10
4168.06,51.23
4168.56,51.12
4169.06,51.10
4169.56,51.18
4170.06,51.09
4170.56,51.37
4171.06,51.27
4171.56,51.04
4172.06,51.25
4172.56,51.29
4173.06,51.28
4173.56,51.06
4174.06,51.13
4174.56,51.41
4175.06,50.99
4175.56,51.11
4176.06,51.36
4176.56,51.05
4177.06,51.26
4177.56,51.25
4178.06,51.09
4178.56,51.20
4179.06,51.27
4179.56,51.30
4180.06,51.18
4180.56,51.36
4181.06,51.11
4181.56,51.39
4182.06,51.27
4182.56,51.12
4183.06,51.43
4183.56,51.14
4184.06,51.02
4184.56,51.02
4185.06,51.07
